simple_address_key,student_count,violation_count
1 ALLSTON 02124,2,1
1 BUCKLEY 02130,7,1
1 CENTRE 02119,5,1
1 DEVONSHIRE 02109,199,1
1 EMERSON 02114,121,1
1 HALEY 02119,2,2
1 HARTFORD 02125,3,2
1 HELENA 02122,1,1
1 HOWLAND 02121,2,1
1 JOHNNY 02111,1,1
1 KING 02122,1,2
1 LOCUST 02136,1,2
1 LONGFELLOW 02114,116,2
1 MURRAY 02119,1,1
1 MYSTIC 02129,2,1
1 NASSAU 02111,661,1
1 NAZING 02121,1,1
1 NOYES 02113,5,4
1 PARKER HILL 02120,17,1
1 POPES HILL 02122,1,2
1 POWERS 02109,1,1
1 ROSA 02136,1,9
1 SAINT CHARLES 02116,1,2
1 SOUTH POINT 02125,53,1
1 SPARHAWK 02135,2,1
1 UNION 02118,2,1
1 WEBB 02127,1,1
1 WESTINGHOUSE 02136,6,5
10 AINSLEY 02122,3,1
10 ASHFORD 02134,23,1
10 ASHLEY 02130,2,2
10 ATHOL 02134,5,1
10 BROOKWAY 02131,8,2
10 CASTLEGATE 02121,4,1
10 COFFEY 02122,3,2
10 FERNDALE 02124,3,1
10 FESSENDEN 02126,2,1
10 FLEET 02113,6,1
10 GLENVILLE 02134,15,1
10 HALE 02136,1,2
10 HARTFORD 02125,1,1
10 HAYNES 02128,3,1
10 LINDA 02125,8,1
10 LINWOOD 02119,7,6
10 MARCY 02126,4,1
10 MORELAND 02119,16,1
10 NAZING 02121,1,2
10 PARK VALE 02134,1,1
10 PRATT 02134,15,2
10 PRINCE 02113,1,1
10 ROYAL 02134,16,1
10 RUTHVEN 02121,2,1
10 SACHEM 02120,22,4
10 SAINT MARTIN 02129,3,1
10 SAUNDERS 02134,7,1
10 SCOTTFIELD 02134,18,1
10 SYDNEY 02125,1,1
10 TANGLEWOOD 02124,3,1
10 VERSHIRE 02132,1,1
10 WACHUSETT 02130,1,1
10 WAIT 02120,20,6
10 WARDMAN 02119,2,1
10 WESTVILLE 02124,1,1
100 BEACON 02116,1,1
100 CALUMET 02120,24,1
100 EMPIRE 02134,1,1
100 JAMAICA 02130,4,1
100 LANARK 02135,9,1
100 MOUNT PLEASANT 02119,1,16
100 QUEENSBERRY 02215,12,1
100 SEAVER 02121,1,7
100 TRAIN 02122,2,1
100 WINTHROP 02119,5,2
1000 HARVARD 02126,1,1
1000 WASHINGTON 02124,1,1
101 ANAWAN 02132,1,1
101 BEACON 02116,3,1
101 DRAPER 02122,2,1
101 LONDON 02128,1,1
101 LONSDALE 02124,1,3
101 ORLEANS 02128,28,9
101 ROSSETER 02121,1,6
101 WESTVILLE 02124,3,1
1017 RIVER 02136,2,1
102 ACADEMY HILL 02135,1,1
102 MAYWOOD 02119,1,1
102 MORELAND 02119,3,3
1027 COMMONWEALTH 02134,4,5
1028 WASHINGTON 02124,5,1
103 BEACON 02116,5,3
103 CHARTER 02113,1,1
103 EVANS 02124,1,1
103 MYRTLE 02114,1,1
103 SAINT ANDREW 02128,1,1
103 TOWNSEND 02121,1,3
1030 HYDE PARK 02136,2,1
1035 COMMONWEALTH 02134,1,2
1037 RIVER 02136,4,1
1039 COMMONWEALTH 02134,6,4
104 APPLETON 02116,3,1
104 G 02127,1,1
104 HEMENWAY 02115,64,1
104 LUCERNE 02124,3,1
104 MILTON 02124,3,1
104 MONTEBELLO 02130,3,1
104 PLEASANT 02125,2,1
104 WALTER 02131,1,1
104 WINTHROP 02119,5,6
1045 RIVER 02136,4,1
105 BEACON 02116,6,2
105 EVANS 02124,2,1
105 OAKLAND 02135,4,1
1053 SARATOGA 02128,1,2
1059 SARATOGA 02128,12,1
106 CLARE 02136,1,6
106 HAMMOND 02120,17,1
106 STANWOOD 02121,1,1
1060 SARATOGA 02128,1,1
107 BEACON 02116,1,3
107 ELM HILL 02121,2,1
107 JERSEY 02215,34,1
107 MAXWELL 02124,1,2
107 PINCKNEY 02114,1,1
107 WINTHROP 02119,1,2
108 BROOKS 02135,1,2
108 HEMENWAY 02115,42,1
108 HILLSIDE 02120,26,1
108 LORNA 02126,1,2
108 MARLBOROUGH 02116,6,5
108 MERIDIAN 02128,4,1
108 MINDEN 02130,3,3
108 RICHMOND 02109,3,2
108 RIVER 02126,1,1
108 WINTHROP 02119,6,1
1081 DORCHESTER 02125,1,2
1085 DORCHESTER 02125,6,1
1088 BOYLSTON 02115,1,1
109 DUSTIN 02135,1,1
109 F 02127,6,1
109 FULLER 02124,2,1
109 LEIGHTON 02136,2,2
109 MOUNT PLEASANT 02119,1,1
109 SAINT STEPHEN 02115,17,1
109 SALEM 02113,17,1
109 WEBSTER 02128,1,4
1090 RIVER 02136,2,1
11 ABBOTSFORD 02121,1,1
11 ADAMS 02122,7,2
11 ARCOLA 02130,4,1
11 ASHFORD 02134,13,1
11 BANFIELD 02126,1,1
11 BAYARD 02134,13,1
11 BEARSE 02124,1,4
11 BELL 02127,3,1
11 BELLFLOWER 02125,13,1
11 BOWDOIN 02121,2,2
11 BURRILL 02127,1,1
11 CARMEL 02120,19,1
11 CENTERVALE 02124,3,1
11 CHARTER 02113,7,1
11 CHURCH 02116,3,1
11 CLEMENTINE 02124,1,3
11 DANA 02136,1,1
11 DARTMOUTH 02116,4,2
11 EMROSE 02125,2,1
11 FERNDALE 02124,2,1
11 FRAWLEY 02115,4,2
11 GERALD 02135,16,2
11 HANOVER 02109,1,4
11 HAROLD 02119,2,4
11 HIGHGATE 02134,4,1
11 IRVING 02114,6,1
11 JOHNSON 02124,1,1
11 LANGDON 02119,8,1
11 LINDEN 02134,12,5
11 MARLBOROUGH 02116,8,2
11 MELROSE 02116,1,7
11 MERCER 02127,2,1
11 MOUNT PLEASANT 02119,1,1
11 MYRTLE 02114,4,1
11 NONQUIT 02125,1,1
11 NOTT 02136,1,3
11 OUTLOOK 02126,1,2
11 PRATT 02134,17,2
11 PRIMROSE 02131,1,1
11 QUEENSBERRY 02215,49,1
11 REVERE 02114,6,2
11 ROYCE 02134,125,2
11 SAINT WILLIAM 02125,3,1
11 SAXTON 02125,3,1
11 SHEAFE 02113,13,1
11 SUDAN 02125,1,1
11 SUTTON 02126,3,1
11 TEMPLE 02114,9,1
11 TICKNOR 02127,2,1
11 VERDUN 02124,1,1
11 WAINWRIGHT 02124,6,1
11 WAUMBECK 02121,2,1
11 WINFIELD 02127,1,2
110 CHESTNUT 02130,1,2
110 GREENBRIER 02124,4,12
110 HUNTINGTON 02116,5,3
110 LIVERMORE 02126,2,1
110 NEWBURY 02116,1,1
110 O 02127,4,2
110 PARIS 02128,19,1
110 PARK 02122,1,1
110 SAINT BOTOLPH 02115,2,4
1100 VFW 02132,2,2
111 EVERETT 02128,4,2
111 HARRISHOF 02121,3,1
111 MILLET 02124,2,1
111 PARK 02215,22,1
111 SALEM 02113,7,3
111 TERRACE 02120,8,1
111 WEST 02136,1,2
1115 SARATOGA 02128,1,1
1116 HYDE PARK 02136,1,3
1119 SARATOGA 02128,1,1
112 ADAMS 02122,3,1
112 GLENWAY 02121,3,1
112 MAGNOLIA 02125,4,2
112 MARLBOROUGH 02116,7,4
112 MILLET 02124,2,1
112 MYRTLE 02114,3,1
112 REVERE 02114,6,2
1127 HARRISON 02119,9,21
1127 WASHINGTON 02124,2,5
1129 SARATOGA 02128,5,1
113 LANARK 02135,3,1
113 MOORE 02128,1,2
1139 COMMONWEALTH 02134,286,2
114 ANTWERP 02135,1,1
114 FALCON 02128,6,1
114 FENWAY 02115,10,1
114 FOSTER 02135,1,1
114 GLADSTONE 02128,14,1
114 LONSDALE 02124,1,1
114 MARLBOROUGH 02116,8,4
114 NONANTUM 02135,2,2
115 APPLETON 02116,1,2
115 GAINSBOROUGH 02115,26,1
115 HAVRE 02128,2,1
115 ORLEANS 02128,7,2
115 RIVER 02126,2,1
115 SAINT STEPHEN 02115,44,2
115 SALEM 02113,15,6
115 WINTHROP 02119,1,1
1155 TREMONT 02120,26,1
116 ADAMS 02122,2,1
116 MARLBOROUGH 02116,5,3
116 WASHINGTON 02135,105,1
1162 MORTON 02126,1,2
1165 COMMONWEALTH 02134,26,1
117 BOWDOIN 02124,3,1
117 GLENVILLE 02134,10,1
117 HOWLAND 02121,1,1
117 ORLEANS 02128,4,2
117 PARK 02215,24,1
118 HARRISHOF 02121,1,1
118 HIGHLAND 02119,11,3
118 HOWLAND 02121,2,2
118 MELVILLE 02124,4,1
118 MOUNT VERNON 02108,2,1
118 SAXTON 02125,2,1
118 SOUTH 02111,2,1
1183 BENNINGTON 02128,1,1
1187 MORTON 02126,1,3
1187 SARATOGA 02128,3,3
119 BAY STATE 02215,1,1
119 LEXINGTON 02128,3,1
1197 BOYLSTON 02215,194,1
12 ARCADIA 02122,3,1
12 ASHLAND 02122,1,1
12 ATHOL 02134,8,1
12 BAILEY 02124,4,1
12 BRAEMORE 02135,29,1
12 BUCKNAM 02120,20,6
12 CASTLEGATE 02121,2,1
12 COMMONWEALTH 02116,8,1
12 CREIGHTON 02130,5,1
12 DADE 02119,13,1
12 EMMET 02127,1,1
12 ETHEL 02131,2,1
12 FALCON 02128,1,1
12 FOREST HILLS 02130,4,5
12 FOSTER 02109,19,2
12 FOSTER 02135,4,1
12 GROVE 02114,1,1
12 HANCOCK 02114,12,2
12 HARVARD 02134,20,2
12 KENRICK 02135,1,1
12 MCLELLAN 02121,3,1
12 MOULTRIE 02124,3,1
12 PARIS 02128,1,1
12 PLAIN 02122,2,1
12 POND 02130,2,1
12 ROACH 02125,1,1
12 ROCKWAY 02126,1,4
12 ROSELAND 02124,3,1
12 SCHILLER 02130,8,2
12 STANTON 02124,1,1
12 WADSWORTH 02134,22,3
12 WAIT 02120,4,2
12 WAVERLY 02135,1,1
12 WINTER 02136,2,1
12 WOODLAWN 02130,4,1
120 BAY STATE 02215,1,1
120 GLADSTONE 02128,7,2
120 L 02127,1,1
120 MILK 02109,1,4
120 MINDEN 02130,13,1
120 NEWTON 02135,2,1
120 PARK 02122,1,1
120 SAVIN HILL 02125,7,2
121 BEACH 02111,11,1
121 CHARLES 02114,2,2
121 FULTON 02109,1,1
121 HOMES 02122,9,1
121 PORTLAND 02114,27,5
121 TREMONT 02135,14,4
1210 VFW 02132,1,2
1211 COMMONWEALTH 02134,17,1
1212 COMMONWEALTH 02134,16,1
1216 COMMONWEALTH 02134,7,1
122 BREMEN 02128,4,3
122 POND 02130,1,1
123 ANTWERP 02135,11,1
123 COTTAGE 02128,1,1
123 EUTAW 02128,3,2
123 FANEUIL 02135,2,2
123 MARLBOROUGH 02116,7,1
123 WELLINGTON HILL 02126,1,1
124 BEACON 02116,4,4
124 BYNNER 02130,1,1
124 DEVON 02121,1,2
124 KENRICK 02135,2,1
124 MARCELLA 02119,4,2
124 SPRING 02132,1,2
125 COTTAGE 02128,4,1
125 FULTON 02109,2,1
125 LEYDEN 02128,4,5
125 MYRTLE 02114,11,1
1254 COMMONWEALTH 02134,123,1
1258 COMMONWEALTH 02134,111,4
126 BORDER 02128,91,1
126 CALUMET 02120,12,2
126 ELM 02129,3,1
126 LONDON 02128,3,3
126 PRINCETON 02128,2,1
126 SALEM 02113,4,1
1267 COMMONWEALTH 02134,18,1
127 BEACON 02116,2,3
127 CHARLES 02114,2,2
127 COTTAGE 02128,2,1
127 DANA 02136,1,1
127 HARRISHOF 02121,2,3
127 SAINT BOTOLPH 02115,1,1
127 SHIRLEY 02119,1,1
127 STANDARD 02126,2,1
1273 MASSACHUSETTS 02125,2,3
1275 MASSACHUSETTS 02125,6,3
1277 COMMONWEALTH 02134,32,3
128 CALUMET 02120,13,1
128 CHESTNUT 02108,15,1
128 NEWBURY 02116,2,1
1285 RIVER 02136,1,1
129 CHISWICK 02135,30,1
129 COLUMBIA 02121,1,2
129 LAKE SHORE 02135,8,1
129 SAINT ALPHONSUS 02120,13,1
1292 COMMONWEALTH 02134,47,2
13 CENTRE 02122,2,1
13 CHELSEA 02128,1,5
13 HANOVER 02109,1,1
13 HAVILAND 02115,98,1
13 HIGGINS 02134,7,1
13 MONUMENT 02129,4,1
13 PARK 02129,4,1
13 PARKMAN 02122,1,1
13 RUGGLES 02119,1,2
13 SACHEM 02120,25,1
130 AUCKLAND 02125,3,1
130 BOWDOIN 02108,33,1
130 HIGHLAND 02119,1,1
130 MYRTLE 02114,5,1
130 WEBSTER 02128,2,3
131 I 02127,1,1
131 ORLEANS 02128,1,2
131 PUTNAM 02128,1,1
131 SEAPORT 02210,23,3
131 TREMONT 02111,45,4
1315 COMMONWEALTH 02134,21,1
132 BENNINGTON 02128,1,1
132 CHISWICK 02135,12,1
132 TRENTON 02128,1,2
132 WRENTHAM 02124,7,3
1325 BOYLSTON 02215,7,1
1325 COMMONWEALTH 02134,99,1
133 CHISWICK 02135,19,1
133 EUSTIS 02119,14,1
133 PETERBOROUGH 02215,196,1
133 PRINCETON 02128,1,2
134 WARREN 02119,3,4
135 CALUMET 02120,4,1
135 CLARENDON 02116,61,1
135 NEPONSET 02122,1,1
135 ORLEANS 02128,20,1
135 SALEM 02113,2,2
136 CHISWICK 02135,3,1
136 GLADSTONE 02128,1,1
136 PRINCE 02113,1,7
1366 RIVER 02136,1,1
1369 CENTRE 02132,1,1
137 BAY STATE 02215,2,1
137 BROOKS 02128,1,3
137 CHARLES 02114,2,2
137 FRANKLIN 02134,2,1
137 HANCOCK 02125,4,2
137 NEWBURY 02116,1,1
137 PEARL 02110,6,1
137 PETERBOROUGH 02215,71,3
137 SALEM 02113,7,1
138 CHELSEA 02128,1,3
1381 COMMONWEALTH 02134,56,1
139 BEACON 02116,4,2
139 BRIGHTON 02134,2,1
139 FALCON 02128,1,1
139 HILLSIDE 02120,16,1
139 PARIS 02128,1,2
1396 DORCHESTER 02122,3,1
1399 RIVER 02136,1,1
14 ALCOTT 02134,5,8
14 ARCOLA 02130,5,2
14 BIRD 02125,5,1
14 BREMEN 02128,1,1
14 CLAREMONT 02118,1,1
14 DANUBE 02125,1,1
14 DARTMOUTH 02116,2,1
14 ELDER 02125,14,1
14 EVELYN 02126,2,1
14 GANNETT 02121,1,1
14 GARDNER 02134,37,1
14 GLEASON 02121,1,2
14 GLENDALE 02125,1,1
14 GLOUCESTER 02115,1,1
14 GREENWICH 02118,1,1
14 HARTWELL 02121,2,1
14 HARVARD 02124,2,1
14 HILLSIDE 02120,20,3
14 HULL 02113,2,1
14 IRVING 02114,7,1
14 LAKEVILLE 02130,4,1
14 LESHER 02131,2,1
14 LINDALL 02114,2,1
14 MALLET 02124,1,2
14 MEEHAN 02130,3,4
14 MORROW 02135,4,1
14 MOUNT CALVARY 02131,1,2
14 NORTH 02113,2,1
14 O 02127,2,1
14 PARIS 02128,10,1
14 RAVEN 02125,1,3
14 SEMONT 02124,2,1
14 TORREY 02124,1,2
14 TYLER 02111,57,1
14 VICTORY 02122,1,1
14 WADSWORTH 02134,22,1
14 WAIT 02120,7,3
14 WESTFORD 02134,7,1
14 WESTMORE 02126,1,1
14 WOODHAVEN 02126,1,1
140 BOYLSTON 02116,5,2
140 CEDAR 02119,16,2
140 CHELSEA 02128,1,1
140 CLARENDON 02116,22,4
140 HARRISHOF 02121,1,1
140 NEWTON 02135,4,1
140 PRINCE 02113,16,2
1400 CENTRE 02131,1,1
1401 DORCHESTER 02122,1,1
1409 COMMONWEALTH 02135,22,1
1409 RIVER 02136,5,1
141 ARLINGTON 02116,6,1
141 BEACON 02116,1,2
141 BRAYTON 02135,1,1
141 DAKOTA 02124,3,1
141 DRAPER 02122,1,2
141 HIGH 02129,1,3
141 INTERVALE 02121,3,1
141 L 02127,3,1
141 REVERE 02114,2,1
1410 COLUMBIA 02127,33,2
1411 BLUE HILL 02126,1,1
142 DORCHESTER 02127,2,1
142 MARGINAL 02128,3,1
142 NORWELL 02121,2,1
1428 BLUE HILL 02126,4,2
143 HIGHLAND 02119,1,1
143 MARCELLA 02119,4,1
143 TONAWANDA 02124,1,3
143 WILLIAMS 02130,2,1
1430 COLUMBIA 02127,1,2
144 ADDISON 02128,32,2
144 CHELSEA 02128,3,2
144 ELMER 02124,2,1
144 WEBSTER 02128,4,2
1441 TREMONT 02120,5,1
145 ENDICOTT 02113,19,2
145 PINCKNEY 02114,25,1
145 SAINT ALPHONSUS 02120,9,2
145 WEST 02136,1,1
1450 BLUE HILL 02126,1,2
1451 TREMONT 02120,24,1
146 GLENWAY 02121,5,1
146 WASHINGTON 02121,1,1
147 APPLETON 02116,1,1
147 CHARLES 02114,2,1
147 CHELSEA 02128,3,1
147 MARCELLA 02119,8,1
147 MERIDIAN 02128,2,1
148 TRENTON 02128,5,1
148 WARREN 02116,2,1
1482 HYDE PARK 02136,1,1
149 BENNINGTON 02128,1,1
149 CALUMET 02120,10,2
149 CHARLES 02114,2,1
149 ENDICOTT 02113,8,2
149 GLENWAY 02121,2,2
149 HILLSIDE 02120,7,1
149 LEXINGTON 02128,2,2
149 SALEM 02113,1,1
15 BELLVISTA 02135,10,1
15 BLACKWOOD 02115,2,2
15 BURRELL 02119,2,1
15 CARSON 02125,1,1
15 CHANNEL CENTER 02210,4,3
15 CHESTER 02134,47,1
15 CUSTER 02130,1,4
15 DANA 02136,1,1
15 DENBY 02134,4,1
15 DWIGHT 02118,1,1
15 ELDORA 02120,5,1
15 ELKO 02135,1,1
15 EVERDEAN 02122,1,1
15 FAYETTE 02116,4,1
15 FORBES 02130,2,2
15 FRAWLEY 02115,2,2
15 GARDEN 02114,23,2
15 GLENVILLE 02134,38,3
15 GREENWOOD 02121,2,1
15 HARRIET 02135,1,1
15 HILDRETH 02124,1,1
15 HUDSON 02111,3,3
15 KELLEY 02135,3,1
15 LANGLEY 02135,5,1
15 LINDEN 02134,22,3
15 MANSFIELD 02134,3,1
15 MAYWOOD 02119,6,1
15 MOUNT VERNON 02129,1,1
15 NORWELL 02121,1,3
15 NOTTINGHAM 02121,2,5
15 NOYES 02113,4,2
15 PARKMAN 02114,1,1
15 PENHALLOW 02124,2,1
15 PLEASANT 02125,2,1
15 RADNOR 02135,32,1
15 REVERE 02114,11,1
15 ROSEMONT 02136,3,1
15 ROXTON 02121,1,1
15 RUGGLES 02119,2,4
15 SEAGER 02135,1,1
15 SPARHAWK 02135,4,2
15 SPENCER 02124,1,1
15 STELLMAN 02131,1,1
15 STILLMAN 02113,3,1
15 THATCHER 02136,3,1
15 UNITY 02113,1,1
15 UPCREST 02135,1,1
15 WAINWRIGHT 02124,3,1
15 WOODWARD PARK 02125,2,1
150 BEACON 02116,1,1
150 BYRON 02128,1,1
150 CHESTNUT HILL 02135,7,2
150 EVERETT 02128,1,1
150 GLENWAY 02121,2,1
150 HUNTINGTON 02115,1149,1
150 LONDON 02128,3,2
150 STANIFORD 02114,23,1
150 STANWOOD 02121,1,3
150 TREMONT 02111,4,1
150 WALNUT 02119,2,2
1501 COMMONWEALTH 02135,78,1
1505 COMMONWEALTH 02135,274,1
151 CHARLES 02114,1,1
151 MERIDIAN 02128,5,1
151 TREMONT 02111,149,1
1515 VFW 02132,3,2
152 BEECH 02131,2,2
152 BREMEN 02128,1,1
152 PARKER HILL 02120,14,2
152 SALEM 02113,14,1
152 STRATHMORE 02135,6,1
152 WOOD 02136,4,1
1522 TREMONT 02120,17,1
153 RUSKINDALE 02136,1,3
153 SALEM 02113,9,1
153 SARATOGA 02128,3,5
154 CALUMET 02120,21,3
1545 TREMONT 02120,6,1
155 BAY STATE 02215,1,1
155 STRATHMORE 02135,4,1
156 BREMEN 02128,2,1
156 DANA 02136,1,1
156 NEPONSET 02122,3,1
156 WASHINGTON 02135,5,1
157 KILSYTH 02135,11,1
157 NEPONSET VALLEY 02136,1,2
157 PERHAM 02132,1,1
157 RIVER 02126,1,1
157 SALEM 02113,2,1
1572 COMMONWEALTH 02135,22,1
1572 TREMONT 02120,17,4
1574 TREMONT 02120,15,2
1575 TREMONT 02120,467,1
158 BAKER 02132,5,1
158 HILLSIDE 02120,25,2
158 SAINT BOTOLPH 02115,6,3
158 SALEM 02113,6,4
159 CALUMET 02120,2,1
159 CHELSEA 02128,1,1
159 DORCHESTER 02127,1,2
159 M 02127,2,1
159 SALEM 02113,5,1
16 ASHFORD 02134,58,1
16 BAIRD 02124,1,4
16 BARRY 02125,1,1
16 BATTERY 02109,32,1
16 BEXLEY 02131,2,1
16 CALDER 02124,2,1
16 CENTRE 02124,1,1
16 CHELSEA 02128,15,3
16 ELWYN 02124,2,1
16 FISHER 02120,16,2
16 GERALD 02135,31,1
16 GREENWICH 02120,10,1
16 HANOVER 02109,1,1
16 HARVARD 02134,21,2
16 HIGHGATE 02134,7,2
16 HOWES 02125,2,2
16 HUBBARDSTON 02125,2,1
16 HUMPHREYS 02125,1,1
16 IRMA 02124,1,1
16 LANGLEY 02135,5,1
16 LEAMINGTON 02135,2,2
16 MARMION 02130,2,1
16 MOUNT VERNON 02125,1,1
16 OXFORD 02111,10,1
16 PASADENA 02121,1,1
16 PETERBOROUGH 02215,45,1
16 PRINCETON 02128,1,2
16 SAVIN 02119,3,2
16 SAWYER 02134,16,1
16 SEWALL 02120,23,2
16 SHEAFE 02113,4,1
16 SOUTH 02135,24,4
16 STOCKWELL 02120,13,4
16 VICTORY 02122,6,1
16 WAIT 02120,12,3
160 ENDICOTT 02113,2,1
160 K 02127,1,1
160 PLEASANT 02125,3,1
160 SALEM 02113,5,4
161 BEACON 02116,2,3
161 COTTAGE 02128,3,1
161 LEYDEN 02128,2,14
161 RIVER 02126,3,1
161 SAVANNAH 02126,2,1
1612 COLUMBIA 02127,2,1
1619 TREMONT 02120,3,1
162 COTTAGE 02128,9,1
162 O 02127,3,1
162 PRINCE 02113,9,1
162 SAINT BOTOLPH 02115,6,1
1625 TREMONT 02120,14,1
163 CALUMET 02120,38,5
163 CHESTNUT HILL 02135,11,1
163 F 02127,1,1
163 SALEM 02113,1,1
163 STRATHMORE 02135,4,1
164 BIGELOW 02135,2,1
164 SAINT BOTOLPH 02115,6,1
165 BOYLSTON 02130,2,2
165 COTTAGE 02128,1,1
165 I 02127,2,4
1650 COLUMBIA 02127,3,1
1654 WASHINGTON 02118,3,8
166 GOVE 02128,2,2
166 KELTON 02134,3,1
166 NEWBURY 02116,1,2
1662 WASHINGTON 02118,3,1
167 BEACON 02116,4,2
167 FOREST HILLS 02130,10,1
1672 WASHINGTON 02118,3,2
168 FAIRMOUNT 02124,2,2
168 H 02127,1,1
168 NORTHAMPTON 02118,21,2
168 PRINCETON 02128,2,1
1680 COMMONWEALTH 02135,17,1
1682 COMMONWEALTH 02135,26,3
1686 WASHINGTON 02118,1,1
169 BEACON 02116,3,6
169 CORNELL 02131,6,1
169 ENDICOTT 02113,3,3
1691 COMMONWEALTH 02135,54,2
1692 WASHINGTON 02118,2,1
17 ARGYLE 02124,1,1
17 BARRINGTON 02124,2,1
17 BATTERY 02109,2,2
17 BICKFORD 02130,2,1
17 BURNEY 02120,9,5
17 CAZENOVE 02116,3,1
17 COURT 02108,3,1
17 CUFFLIN 02135,2,1
17 EDINBORO 02111,5,3
17 ELMIRA 02135,3,1
17 FLEET 02113,2,1
17 GREENWICH 02118,2,3
17 HENCHMAN 02113,4,2
17 HIGH 02122,4,1
17 HILLSIDE 02120,35,2
17 HINCKLEY 02125,1,8
17 HOLMAN 02134,5,2
17 IMRIE 02134,8,2
17 JONES 02124,1,2
17 KESWICK 02215,10,1
17 LEROY 02122,5,1
17 MANSFIELD 02134,1,1
17 MERCER 02127,1,1
17 NEWPORT 02125,1,1
17 PERKINS 02136,1,1
17 POND 02125,1,2
17 RADCLIFFE 02134,21,2
17 RAYMOND 02134,3,1
17 REEDSDALE 02134,26,1
17 ROWELL 02125,3,1
17 RUSSELL 02129,1,1
17 SACHEM 02120,26,1
17 SACKVILLE 02129,2,1
17 SHEAFE 02113,6,5
17 SNOW HILL 02113,2,2
17 SONOMA 02121,3,1
17 STILLMAN 02113,4,1
17 TAFT 02125,23,1
17 THACHER 02113,8,1
17 TILESTON 02113,4,1
17 WASHBURN 02125,5,1
17 WENSLEY 02120,23,1
17 WOODVILLE 02119,2,2
17 WORCESTER 02118,3,1
170 MAVERICK 02128,6,1
170 SAINT ALPHONSUS 02120,15,1
170 SAINT BOTOLPH 02115,5,1
170 TREMONT 02111,40,4
171 BEACON 02116,8,4
172 COMMONWEALTH 02116,3,1
172 MINOT 02122,1,1
172 SUMNER 02128,3,1
1721 CENTRE 02132,2,1
1724 WASHINGTON 02118,2,1
173 ATHENS 02127,5,1
173 CAMBRIDGE 02134,1,1
174 BAY STATE 02215,25,1
174 BOSTON 02125,6,1
1745 DORCHESTER 02124,1,3
175 BOWEN 02127,1,1
175 CLARE 02136,5,3
1753 COMMONWEALTH 02135,1,1
1757 COMMONWEALTH 02135,4,1
176 HARVARD 02124,2,1
176 HUMBOLDT 02121,7,5
177 MARLBOROUGH 02116,4,1
1776 COMMONWEALTH 02135,6,1
1778 COMMONWEALTH 02135,16,2
178 BOWDOIN 02122,6,1
178 BRIGHTON 02134,33,1
1789 COMMONWEALTH 02135,12,3
179 CHELSEA 02128,7,4
179 MASSACHUSETTS 02115,6,1
179 NORTHAMPTON 02118,27,1
18 BURNEY 02120,27,1
18 CENTRE 02124,2,1
18 COMMONWEALTH 02116,5,1
18 EASTMAN 02125,10,1
18 FLOYD 02124,1,10
18 GLENCOE 02135,8,3
18 HULL 02113,14,5
18 HYDE PARK 02130,16,1
18 IRVING 02114,3,1
18 ISABELLA 02116,1,1
18 LAUREL 02119,1,1
18 MASCOT 02124,3,1
18 MONTROSE 02119,1,1
18 MURDOCK 02135,3,1
18 NORMANDY 02121,2,1
18 PERRIN 02119,23,2
18 PRATT 02134,10,1
18 ROBESON 02130,1,3
18 ROCKVILLE 02119,2,1
18 RUGBY 02126,2,4
18 RUTLAND 02118,1,1
18 SHEAFE 02113,2,1
18 SUNSET 02120,6,3
18 TAFT 02125,1,1
18 WARDMAN 02119,4,3
18 WASHBURN 02125,3,1
18 WINCHESTER 02116,1,2
180 ENDICOTT 02113,1,1
180 FRANKLIN 02134,3,3
180 HILLSIDE 02120,16,2
180 SAINT ALPHONSUS 02120,14,1
181 ENDICOTT 02113,5,1
181 FAIRMOUNT 02124,2,1
181 GOLD 02127,1,1
181 M 02127,4,1
182 HEATH 02130,2,4
182 MARLBOROUGH 02116,1,1
183 ENDICOTT 02113,8,2
183 HILLSIDE 02120,10,2
183 LONDON 02128,8,1
184 MARION 02128,1,1
184 WASHINGTON 02135,1,1
185 ENDICOTT 02113,8,1
185 WASHINGTON 02135,15,1
1853 COMMONWEALTH 02135,10,1
1857 COMMONWEALTH 02135,4,3
1859 RIVER 02136,3,3
186 WEBSTER 02128,2,1
1868 COMMONWEALTH 02135,26,1
1871 COMMONWEALTH 02135,1,2
188 MAVERICK 02128,31,7
188 WASHINGTON 02135,2,1
189 BELGRADE 02131,2,3
189 BLUE HILL 02119,4,1
189 CAMBRIDGE 02134,2,1
19 ALBEMARLE 02115,1,1
19 BELLVISTA 02135,5,1
19 BODWELL 02125,1,2
19 BRAEMORE 02135,16,1
19 BURNEY 02120,16,7
19 BURR 02130,3,1
19 CHESTER 02134,73,1
19 CLAYMOSS 02135,5,1
19 CLIFTON 02119,2,1
19 DEWOLF 02125,4,2
19 DIX 02122,4,4
19 DORSET 02125,2,1
19 EGREMONT 02135,24,2
19 FIRTH 02131,1,1
19 GARRISON 02116,5,1
19 GRANT 02125,1,1
19 GREENWICH 02120,7,1
19 HALLAM 02125,1,1
19 HECLA 02122,1,1
19 MACKIN 02135,3,1
19 PEVERELL 02125,2,3
19 RILL 02125,3,1
19 ROSECLAIR 02125,2,1
19 ROYAL 02134,8,2
19 SOUTH 02135,10,1
19 SWAN 02128,1,3
19 TAFT 02125,1,1
19 THORNLEY 02125,5,1
19 TILESTON 02113,3,4
19 TOPLIFF 02122,1,1
19 WARNER 02124,1,1
19 WESTCOTT 02124,2,2
190 ALLEGHANY 02120,3,1
190 BOSTON 02125,3,3
191 EVERETT 02128,20,2
191 MARLBOROUGH 02116,9,1
191 PARK 02215,8,1
191 PORTER 02128,15,1
192 KELTON 02134,37,1
192 ORANGE 02131,1,2
1924 HYDE PARK 02136,1,1
193 BEACON 02116,3,1
193 MARION 02128,2,1
194 HAVRE 02128,6,1
194 LONDON 02128,4,4
195 ASHMONT 02124,4,1
195 BEACON 02116,1,5
195 PARK 02215,6,1
1960 COMMONWEALTH 02135,2,1
197 BEACON 02116,2,1
197 CAMBRIDGE 02134,2,1
197 N 02127,2,1
198 ARBORWAY 02130,1,1
198 HIGHLAND 02119,1,1
198 SAINT BOTOLPH 02115,8,1
199 TRENTON 02128,1,5
1999 COMMONWEALTH 02135,79,1
2 BOULEVARD 02134,1,2
2 BRAEMORE 02135,2,6
2 BRIGHAM 02128,2,3
2 CHESTNUT 02135,1,1
2 COLORADO 02126,1,1
2 CONCORD 02118,1,1
2 DEXTER 02129,2,1
2 ELTON 02125,3,1
2 FIDELIS 02135,2,1
2 FOREST 02119,1,1
2 FRENCH 02120,1,1
2 GOODWIN 02114,1,1
2 GUILD 02119,1,1
2 HANCOCK 02125,1,1
2 JOHNNY 02111,5,3
2 JOY 02108,5,1
2 LINDEN 02127,1,1
2 MAPLE 02121,1,1
2 MARK 02130,10,2
2 MEAD 02134,6,1
2 MENLO 02135,3,1
2 METROPOLITAN 02131,2,2
2 OTIS 02108,3,2
2 PEARL 02129,7,1
2 PERKINS 02130,2,1
2 PRESIDENT 02134,18,1
2 ROCK 02124,2,1
2 ROSSMORE 02130,1,2
2 SINCLAIR 02134,4,1
2 SNELLING 02113,2,3
2 STILLMAN 02113,2,4
2 STONEHURST 02122,2,1
2 SWIFT 02128,4,4
2 SYMPHONY 02115,10,1
2 TARLETON 02132,1,1
2 THACHER 02113,3,1
2 TREMONT 02135,1,3
2 UNION 02118,1,1
2 UNION PARK 02118,5,1
2 WESTMORELAND 02124,1,1
2 WYMAN 02130,14,1
20 ALCOTT 02134,4,1
20 ASHFORD 02134,30,3
20 BEACON 02108,1,2
20 CLARE 02131,1,1
20 CORONA 02124,1,1
20 DACIA 02125,2,1
20 FERNBORO 02121,8,3
20 FERRIN 02129,2,1
20 FRANKFORT 02128,4,3
20 GOULD 02132,1,2
20 GRIMES 02127,1,1
20 HANOVER 02109,7,2
20 HAYNES 02128,2,2
20 HIGHGATE 02134,28,2
20 IMRIE 02134,6,3
20 MANSFIELD 02134,1,1
20 MIAMI 02132,1,6
20 MOUNT VERNON 02108,7,4
20 NORWOOD 02122,1,3
20 PARMENTER 02113,4,1
20 PLAIN 02122,2,1
20 PRINCE 02113,2,1
20 SAXTON 02125,2,1
20 SOUTH 02135,22,1
20 SUNSET 02120,8,2
20 SYMMES 02131,3,1
20 UNION 02130,4,1
20 WINTHROP 02119,24,6
200 CLARENDON 02116,2,1
200 HANCOCK 02125,20,2
200 LONDON 02128,11,1
200 NORTHAMPTON 02118,8,4
200 STATE 02109,1,1
201 COTTAGE 02125,3,5
201 HARVARD 02134,17,1
201 MARION 02128,1,1
202 BREMEN 02128,1,1
202 NORTHAMPTON 02118,13,2
202 PARIS 02128,2,2
2025 COMMONWEALTH 02135,11,3
203 BIGELOW 02135,1,1
203 HILLSIDE 02120,16,1
2035 COMMONWEALTH 02135,20,1
204 NORTHAMPTON 02118,14,3
204 NORWELL 02124,2,1
205 BOYLSTON 02130,4,1
205 LEXINGTON 02128,13,3
206 CHESTNUT HILL 02135,9,1
206 FAIRMOUNT 02136,1,1
206 NORTHAMPTON 02118,10,1
206 PARIS 02128,5,1
207 HILLSIDE 02120,15,1
208 MAVERICK 02128,7,1
208 NORTHAMPTON 02118,6,1
208 WESTVILLE 02122,2,1
209 BLUE HILL 02119,1,3
209 BUNKER HILL 02129,1,1
209 ENDICOTT 02113,3,1
21 ALASKA 02119,6,1
21 ALPINE 02119,11,1
21 BEACON 02108,88,1
21 BOURNESIDE 02124,2,1
21 BULLARD 02121,1,1
21 CHESTER 02134,126,1
21 CONCORD 02118,1,1
21 COOPER 02113,3,1
21 CORTES 02116,13,2
21 EDINBORO 02111,15,1
21 GIBSON 02122,2,1
21 GRIGGS 02134,1,2
21 HIGHLAND PARK 02119,8,2
21 IMRIE 02134,1,1
21 IRVING 02114,2,4
21 JUNIPER 02119,1,1
21 MARSHFIELD 02119,1,1
21 MARYLAND 02125,3,1
21 MAYHEW 02125,2,1
21 MONTROSE 02119,2,1
21 MONUMENT 02129,1,2
21 TEMPLE 02111,11,4
21 TEMPLE 02114,1,1
21 VALLAR 02128,1,1
21 WABON 02121,1,6
21 WARWICK 02120,10,3
21 WEITZ 02134,1,1
21 WILDWOOD 02124,2,1
210 ENDICOTT 02113,1,1
211 HARVARD 02134,47,1
211 HAVRE 02128,3,1
211 SALEM 02113,3,1
212 STUART 02116,28,1
214 NORTHAMPTON 02118,1,1
214 SARATOGA 02128,1,2
214 WESTVILLE 02122,1,1
215 M 02127,3,1
215 SARATOGA 02128,19,2
216 BEACON 02116,1,1
216 NORTHAMPTON 02118,2,1
217 NEWBURY 02116,2,1
217 NORFOLK 02124,1,1
218 HAVRE 02128,6,1
219 HARVARD 02134,7,2
219 MAVERICK 02128,11,4
219 WESTERN 02134,473,1
2193 COMMONWEALTH 02135,3,1
22 BRANCHFIELD 02124,1,3
22 BYNNER 02130,4,1
22 CHISWICK 02135,13,1
22 EMBASSY 02135,6,1
22 EVERETT 02134,6,1
22 FISHER 02120,29,8
22 FLORIAN 02131,1,1
22 HANCOCK 02114,2,5
22 HAYDEN 02120,3,1
22 IRVING 02114,6,1
22 LEYDEN 02128,1,1
22 MARYLAND 02125,5,1
22 MELLEN 02124,3,4
22 MYRTLE 02114,2,1
22 PARK 02129,1,1
22 RADNOR 02135,15,1
22 TAFT 02125,2,1
22 WABON 02121,2,1
22 WADSWORTH 02134,19,1
22 WOOLSON 02126,1,1
220 FAYWOOD 02128,1,2
220 MARLBOROUGH 02116,1,3
220 NEWBURY 02116,3,1
220 NORTHAMPTON 02118,1,1
220 PARIS 02128,2,1
221 CENTRE 02124,1,2
221 CHESTNUT 02130,7,1
221 LONGWOOD 02115,1,1
221 NEWBURY 02116,2,2
221 PARIS 02128,1,5
221 RESERVATION 02136,1,1
222 BEACON 02116,14,1
222 NORTHAMPTON 02118,1,1
222 PARIS 02128,1,1
223 HARRISON 02111,1,5
223 HAVRE 02128,1,2
223 LEXINGTON 02128,2,1
223 NEWBURY 02116,1,2
224 BROOKS 02128,2,1
224 NORTHAMPTON 02118,1,1
224 TREMONT 02116,6,5
225 CHELSEA 02128,4,1
225 LEXINGTON 02128,2,4
225 SOUTH 02130,11,1
226 LEXINGTON 02128,2,1
226 TREMONT 02116,3,2
228 LEXINGTON 02128,1,2
23 ATHOL 02134,5,1
23 BURR 02130,10,1
23 EAST 02122,4,1
23 FLEET 02113,13,1
23 HOWELL 02125,1,1
23 KIMBALL 02122,2,1
23 MARGARET 02113,2,1
23 MATHER 02124,5,1
23 MONASTERY 02135,7,1
23 PORTSMOUTH 02135,2,1
23 ROSELAND 02124,7,6
23 SYMPHONY 02115,44,2
23 UNITY 02113,4,1
23 UPTON 02118,1,6
23 VOGEL 02132,2,1
23 WARWICK 02120,6,2
23 WINSHIP 02135,1,1
23 WOODWARD 02127,1,1
230 PARK 02124,1,3
230 TREMONT 02116,5,1
231 PARK 02215,92,1
231 SAVIN HILL 02125,1,1
231 SHAWMUT 02118,2,3
232 CAMBRIDGE 02114,11,1
232 OLD COLONY 02127,2,2
232 TREMONT 02116,1,1
233 BEACON 02116,7,1
233 HUMBOLDT 02121,1,1
234 BEACON 02116,2,1
234 COMMONWEALTH 02116,33,1
235 CHESTNUT HILL 02135,3,2
235 HARVARD 02134,36,2
235 HUMBOLDT 02121,2,1
236 COMMERCIAL 02109,1,1
236 GOLD 02127,2,1
236 PRINCETON 02128,3,1
237 PRINCETON 02128,2,1
238 COLUMBIA 02121,2,1
238 MARLBOROUGH 02116,5,1
238 MAVERICK 02128,8,1
238 SILVER 02127,1,1
239 BOWDOIN 02122,2,2
239 FOSTER 02135,29,1
239 L 02127,2,1
24 AKRON 02119,4,1
24 ARMINGTON 02134,2,1
24 ASHFORD 02134,39,1
24 BATTERY 02109,4,1
24 COLBORNE 02135,10,1
24 DALRYMPLE 02130,4,1
24 DODGE 02136,1,1
24 DUNMORE 02119,1,1
24 FLEET 02113,1,1
24 FRANKFORT 02128,1,1
24 GERALD 02135,27,1
24 HAVILAND 02115,193,2
24 HIGHGATE 02134,11,4
24 HULL 02113,1,2
24 KIRKWOOD 02135,14,1
24 LAWN 02120,15,1
24 MARSH 02124,3,1
24 MARYLAND 02125,5,1
24 MILFORD 02118,1,1
24 MOULTRIE 02124,2,3
24 MOUNT VERNON 02108,9,4
24 MURDOCK 02135,5,1
24 ROWELL 02125,4,1
24 SEAVER 02121,9,4
24 SIDLAW 02135,13,1
24 STANTON 02124,3,2
24 STOCKWELL 02120,5,1
24 VINTON 02127,1,1
240 LEYDEN 02128,5,1
240 MOUNT VERNON 02125,3,1
240 PARK 02124,1,1
241 COLUMBIA 02121,1,1
242 NEWBURY 02116,3,1
242 PARIS 02128,10,3
242 PRINCETON 02128,1,1
243 NORTHAMPTON 02118,27,2
244 ALMONT 02126,1,1
244 HUMBOLDT 02121,1,1
244 LEXINGTON 02128,2,2
245 BEACON 02116,2,1
245 CHELSEA 02128,4,1
245 E 02127,3,1
245 SUMNER 02128,21,4
246 PARKER HILL 02120,10,6
246 SARATOGA 02128,1,1
246 SEAVER 02121,5,2
247 HARVARD 02124,1,1
247 MARION 02128,3,3
248 BOWDOIN 02122,1,5
249 CAMBRIDGE 02134,16,4
249 FOSTER 02135,46,1
249 NEWBURY 02116,1,2
25 ALPINE 02136,11,1
25 ASHFORD 02134,41,2
25 BRADLEE 02124,3,1
25 CHELSEA 02128,12,1
25 CHESTER 02134,82,2
25 CUSTER 02130,3,1
25 DARTMOUTH 02116,1,1
25 DIGHTON 02135,7,1
25 DORCHESTER 02127,2,1
25 DRAYTON 02125,2,1
25 ESTELLA 02126,2,1
25 EVERETT 02134,7,1
25 FALCON 02128,7,1
25 FOREST 02119,2,1
25 GLENHAM 02132,2,2
25 HILLSIDE 02120,1,1
25 HINCKLEY 02125,4,2
25 MELLEN 02124,2,1
25 MISSION PARK 02115,15,1
25 ORLANDO 02126,1,4
25 PINCKNEY 02114,1,2
25 QUEENSBERRY 02215,73,4
25 ROSECLAIR 02125,1,1
25 RUTHVEN 02121,1,2
25 TEMPLE 02114,1,2
25 WAINWRIGHT 02124,3,1
25 WHEATLAND 02124,5,3
25 WILLIAM T MORRISSEY 02125,109,1
25 WOODWARD 02119,1,1
25 WYOMING 02121,1,1
250 ASHMONT 02124,6,1
250 LEYDEN 02128,2,2
250 NEWBURY 02116,8,1
250 SPRING 02132,1,2
253 COMMONWEALTH 02116,1,1
254 COMMONWEALTH 02116,1,1
254 FRIEND 02114,35,1
254 MAVERICK 02128,2,1
255 NEWBURY 02116,3,2
256 BEACON 02116,5,1
256 MARGINAL 02128,2,1
256 PARKER HILL 02120,53,1
2565 WASHINGTON 02119,7,1
259 BEACON 02116,18,1
2597 WASHINGTON 02119,6,1
26 COOPER 02113,3,2
26 FRANKFORT 02128,1,1
26 GRANT 02125,10,1
26 GREYLOCK 02134,4,1
26 HOPEWELL 02136,1,2
26 MOUNT VERNON 02108,1,6
26 RADNOR 02135,2,1
26 RIDGEWOOD 02122,1,3
26 ROWELL 02125,1,1
26 ROYAL 02134,4,1
26 SCHOOL 02119,14,1
26 SCHUYLER 02121,2,5
26 WAVERLY 02135,9,1
26 WHITE 02128,2,2
26 WOODVILLE 02119,1,2
26 WORCESTER 02118,114,1
261 PRINCETON 02128,16,1
262 HAVRE 02128,2,1
262 NEWBURY 02116,1,1
264 FOSTER 02135,43,1
265 BEACON 02116,1,2
265 PRINCETON 02128,9,1
265 SILVER 02127,1,1
265 SUMNER 02128,7,1
266 PRINCETON 02128,2,6
269 PARIS 02128,1,1
27 ASHFORD 02134,37,3
27 BAKERSFIELD 02125,5,1
27 BOWDOIN 02114,16,1
27 DARTMOUTH 02116,5,1
27 DELLE 02120,8,1
27 DUDLEY 02119,12,2
27 GARDEN 02114,7,2
27 HAYDN 02131,1,1
27 HENDRY 02122,1,1
27 HEREFORD 02115,1,1
27 INGLESIDE 02125,3,1
27 LEROY 02122,3,1
27 LONG 02134,2,1
27 MARLBOROUGH 02116,1,2
27 MELROSE 02116,2,1
27 PINCKNEY 02114,3,1
27 ST STEPHEN 02115,2,1
27 TEMPLE 02114,8,4
27 WASHINGTON 02129,1,2
270 E 02127,2,1
270 HUNTINGTON 02115,40,2
270 PARKER HILL 02120,2,1
271 WEBSTER 02128,1,1
272 PRINCETON 02128,1,1
273 BOWDOIN 02122,1,1
273 WEBSTER 02128,3,3
274 BOWDOIN 02122,4,1
274 SEAVER 02121,4,2
2747 WASHINGTON 02119,18,1
275 TREMONT 02116,2,1
276 HANOVER 02113,2,2
276 SPRING 02132,2,1
277 BEACON 02116,3,1
277 BORDER 02128,1,2
277 MARLBOROUGH 02116,9,1
279 MARLBOROUGH 02116,2,1
28 ASHFORD 02134,3,2
28 CHELSEA 02128,13,3
28 COMMONWEALTH 02116,1,3
28 COOPER 02113,5,1
28 COPELAND 02119,4,1
28 DECATUR 02128,2,1
28 FLETCHER 02131,2,1
28 GERALD 02135,31,1
28 HARRISON 02111,7,3
28 HARVARD 02121,2,1
28 HILLIS 02136,3,4
28 LINDEN 02134,13,2
28 MORRILL 02125,5,2
28 MORRIS 02128,1,1
28 OLD MORTON 02126,1,1
28 PORTER 02128,6,1
28 QUINT 02134,48,3
28 RIPLEY 02121,1,1
28 ZAMORA 02130,1,1
280 CHELSEA 02128,1,1
280 FOSTER 02135,26,2
281 CHELSEA 02128,1,1
282 FOSTER 02135,36,1
282 WALNUT 02119,2,2
284 LEXINGTON 02128,1,1
284 MARLBOROUGH 02116,7,1
285 FOREST HILLS 02130,1,1
2855 WASHINGTON 02119,4,1
286 CHELSEA 02128,5,1
286 COMMONWEALTH 02115,2,2
287 HANOVER 02113,2,1
288 PRINCETON 02128,1,1
29 ADAMS 02122,2,1
29 BEECH GLEN 02119,4,1
29 COMMONWEALTH 02116,2,1
29 ESSEX 02129,1,2
29 FAYSTON 02121,1,3
29 FLORIDA 02124,2,3
29 GIBSON 02122,3,1
29 HUMPHREYS 02125,2,1
29 JENKINS 02127,2,1
29 LAMBERT 02119,43,3
29 MOUNT VERNON 02135,6,1
29 OAKLEY 02124,1,4
29 SPAULDING 02122,1,1
29 SPEEDWELL 02122,1,2
29 TEMPLE 02111,22,1
29 WORTHINGTON 02120,2,1
291 E 02127,2,1
293 MERIDIAN 02128,2,1
294 SHAWMUT 02118,1,2
295 FOSTER 02135,35,1
295 HAVRE 02128,1,3
296 BEACON 02116,4,2
296 CENTRE 02130,2,5
296 NEPONSET 02122,3,1
296 SUMMIT 02135,1,1
297 KITTREDGE 02131,5,1
2975 WASHINGTON 02119,19,1
298 LEXINGTON 02128,1,1
298 MERIDIAN 02128,1,1
299 LEXINGTON 02128,2,1
299 NEWBURY 02115,7,1
299 NORFOLK 02125,1,1
299 SAVIN HILL 02125,5,2
2993 WASHINGTON 02119,3,2
2997 WASHINGTON 02119,3,4
3 BALDWIN 02113,3,1
3 BELGRAVIA 02113,2,1
3 COLEBROOK 02127,4,1
3 COMMERCIAL 02109,2,4
3 EDWIN 02124,3,5
3 FOLSOM 02120,11,2
3 FOSTER 02109,1,1
3 GOODWIN 02114,4,1
3 HOLMFIELD 02136,1,1
3 HOWES 02125,3,1
3 LINDEN 02134,5,2
3 MARION 02128,1,1
3 MCCORMICK 02128,1,2
3 MURRAY 02128,1,1
3 NIRA 02130,9,1
3 PARKER HILL 02120,15,2
3 PRESCOTT 02128,1,1
3 PRINCE 02113,1,2
3 SAINT CHARLES 02116,5,5
3 STILLMAN 02113,4,4
3 SUTTON 02126,2,2
3 WADSWORTH 02134,6,1
3 WOODBINE 02119,9,1
30 ASHFORD 02134,28,1
30 CLEVELAND 02136,3,3
30 COPELAND 02119,2,5
30 CREIGHTON 02130,4,1
30 DUNREATH 02119,3,1
30 FLORIDA 02124,5,3
30 GASTON 02121,3,2
30 GLOUCESTER 02115,4,9
30 GRANFIELD 02131,3,1
30 HANCOCK 02114,2,4
30 HATHERLY 02135,2,1
30 HOWLAND 02121,2,1
30 LONGFELLOW 02122,1,1
30 MYRICK 02134,4,3
30 NEPONSET 02122,1,1
30 NEWPORT 02125,2,1
30 POLK 02129,5,3
30 REEDSDALE 02134,19,3
30 ROCKINGHAM 02132,3,1
30 SEFTON 02136,1,1
30 TRAIN 02122,3,1
30 WALLINGFORD 02135,2,1
30 WORCESTER 02118,10,1
300 COMMERCIAL 02109,5,1
300 LONGWOOD 02115,1,2
300 MERIDIAN 02128,5,3
301 ASHMONT 02124,2,2
301 MARLBOROUGH 02116,5,2
301 NEWBURY 02115,7,1
303 SARATOGA 02128,2,1
304 SHAWMUT 02118,3,1
306 COMMONWEALTH 02115,1,4
308 CENTRE 02130,8,1
308 HUNTINGTON 02136,1,1
308 SARATOGA 02128,1,3
308 SHAWMUT 02118,2,3
31 BURBANK 02115,4,1
31 CONCORD 02118,1,1
31 CRAWFORD 02121,1,1
31 DELLE 02120,3,1
31 DUNREATH 02119,2,1
31 GARDNER 02134,76,1
31 GROVE 02114,4,2
31 HANSON 02118,2,1
31 HASKELL 02134,1,2
31 HENDRY 02122,2,1
31 HIGHLAND PARK 02119,1,1
31 IROQUOIS 02120,2,1
31 JACOB 02124,1,1
31 LINDSEY 02124,1,1
31 MILLMONT 02119,1,1
31 NAZING 02121,1,4
31 PINCKNEY 02114,3,4
31 QUEENSBERRY 02215,52,1
31 QUINT 02134,8,2
31 SACKVILLE 02129,2,1
31 SAINT LUKES 02134,26,3
31 SEATTLE 02134,2,3
31 THACHER 02113,1,1
31 THORNTON 02119,4,1
31 WAUMBECK 02121,3,1
31 WAVERLY 02119,1,1
31 WORCESTER 02118,1,1
311 FOSTER 02135,28,2
3115 WASHINGTON 02119,2,8
312 MERIDIAN 02128,2,1
312 SPRING 02132,1,2
312 WARREN 02119,2,4
313 CAMBRIDGE 02114,1,2
314 CENTRE 02130,5,1
3141 WASHINGTON 02130,12,2
315 MERIDIAN 02128,2,2
3151 WASHINGTON 02130,7,2
316 BELGRADE 02131,2,1
316 CENTRE 02130,2,1
316 SUMMIT 02135,13,1
317 BELGRADE 02131,7,1
317 MERIDIAN 02128,7,1
317 WOOD 02136,1,2
318 PRINCETON 02128,4,3
318 SUMMIT 02135,37,1
319 A 02210,3,1
32 ASHFORD 02134,10,1
32 CHARLOTTE 02121,2,3
32 CHARTER 02113,3,1
32 CHESTER 02134,68,1
32 CRAWFORD 02121,1,2
32 DECKARD 02121,2,1
32 DERNE 02114,2,1
32 FAIRFIELD 02116,1,1
32 FISHER 02120,27,1
32 GRANFIELD 02131,1,2
32 HANCOCK 02114,1,2
32 IRVING 02114,2,2
32 LEAMINGTON 02135,2,1
32 PARKER 02129,2,1
32 QUEENSBERRY 02215,7,1
32 REEDSDALE 02134,37,2
32 SYMPHONY 02115,44,1
32 WARWICK 02120,12,1
32 WASHBURN 02125,1,1
32 WOODFORD 02125,1,1
32 WORCESTER 02118,15,1
320 BLUE HILL 02121,2,7
320 D 02127,55,3
320 PRINCETON 02128,2,2
322 BLUE HILL 02121,1,7
324 CHELSEA 02128,1,2
324 DORCHESTER 02127,1,1
325 BEACON 02116,3,1
325 COLUMBUS 02116,10,1
325 DORCHESTER 02127,2,1
325 SAVIN HILL 02125,2,1
327 HUNTINGTON 02115,98,1
328 CHELSEA 02128,1,3
328 LAGRANGE 02132,3,1
329 COMMONWEALTH 02115,6,2
33 ADAMSON 02134,1,1
33 ALGONQUIN 02124,1,1
33 BICKNELL 02121,1,1
33 CHARTER 02113,1,2
33 MYRTLE 02114,1,1
33 NEPONSET 02122,1,1
33 OAK 02111,32,1
33 PRATT 02134,45,3
33 ROBINSON 02122,1,4
33 SHANNON 02135,5,1
33 VAUGHAN 02121,1,1
33 WILTSHIRE 02135,4,1
33 WOOD 02136,3,2
330 BOWDOIN 02122,3,1
330 CHELSEA 02128,1,4
331 SEAVER 02121,4,1
332 CENTRE 02122,2,1
333 MASSACHUSETTS 02115,6,2
334 BEACON 02116,3,1
334 CENTRE 02122,1,1
334 CENTRE 02130,2,1
334 MASSACHUSETTS 02115,1,1
335 CENTRE 02130,1,1
335 WASHINGTON 02135,7,1
336 E 02127,1,2
336 TALBOT 02124,3,4
337 CHELSEA 02128,1,1
339 BOWDOIN 02122,2,1
34 ALLSTON 02129,1,2
34 ASHFORD 02134,10,2
34 CHEROKEE 02120,25,1
34 EVERGREEN 02130,1,1
34 FISHER 02120,3,1
34 HUTCHINGS 02121,3,1
34 MIAMI 02132,2,3
34 MIDLAND 02125,2,2
34 RUTLAND 02118,1,2
34 SCHUYLER 02121,1,1
34 SHELBY 02128,1,1
34 SPARHAWK 02135,2,1
34 STANLEY 02125,1,1
34 TREMONT 02129,1,1
34 WHITING 02119,19,1
340 MARKET 02135,1,2
340 SARATOGA 02128,1,1
3411 WASHINGTON 02130,6,2
342 COMMONWEALTH 02115,9,1
342 HANOVER 02113,3,1
342 PRINCETON 02128,3,1
344 BOWDOIN 02122,7,2
344 COMMONWEALTH 02115,4,1
344 HANOVER 02113,2,1
344 SARATOGA 02128,12,2
345 CENTRE 02130,6,1
345 MARKET 02135,2,1
345 WASHINGTON 02121,2,1
346 CONGRESS 02210,8,3
346 GENEVA 02122,2,1
346 SARATOGA 02128,1,1
347 PRINCETON 02128,1,1
348 SUMNER 02128,1,1
349 DUDLEY 02119,1,2
349 MARKET 02135,1,2
35 ADAMSON 02134,7,1
35 BELLVISTA 02135,23,1
35 BELNEL 02126,1,1
35 BULLARD 02121,1,1
35 CALUMET 02120,17,2
35 CHARTER 02113,9,1
35 CHESTNUT HILL 02135,1,3
35 CHICKATAWBUT 02122,1,1
35 CRANSTON 02130,2,2
35 DACIA 02125,1,1
35 FORT 02119,8,1
35 FOX 02122,1,1
35 HIGGINS 02134,8,1
35 LOMASNEY 02114,93,3
35 MOSELEY 02125,1,1
35 MOUNT EVERETT 02125,2,1
35 MYRTLE 02114,18,4
35 NAZING 02121,1,1
35 NORTHAMPTON 02118,6,5
35 PARKTON 02130,5,1
35 PARSONS 02135,3,3
35 QUEENSBERRY 02215,28,1
35 RUTLAND 02118,2,1
35 SHEFFIELD 02131,2,1
35 VIRGINIA 02125,1,1
35 WALLINGFORD 02135,2,1
35 WAVERLY 02135,2,3
35 WEBSTER 02128,2,1
350 GALLIVAN 02124,2,3
351 CENTRE 02130,7,1
351 DORCHESTER 02127,3,1
351 MASSACHUSETTS 02115,3,1
352 CHELSEA 02128,1,1
352 RIVERWAY 02120,2,1
353 COMMONWEALTH 02115,8,4
353 SUMNER 02128,1,1
3531 WASHINGTON 02130,22,1
354 SUMNER 02128,4,2
355 CONGRESS 02210,2,1
357 COMMERCIAL 02109,13,1
357 HANOVER 02113,1,1
358 CENTRE 02130,4,1
36 A 02127,1,4
36 BEACON 02108,5,1
36 BELLVISTA 02135,15,1
36 CLAREMONT 02118,9,1
36 CODMAN HILL 02124,2,2
36 DIGHTON 02135,16,1
36 ELM HILL 02121,2,4
36 GORDON 02134,3,1
36 HIGH 02129,1,1
36 HULL 02113,1,1
36 JOY 02114,3,1
36 LEWIS 02113,2,3
36 MCLELLAN 02121,3,1
36 MOZART 02130,17,1
36 MYRTLE 02114,15,1
36 PARIS 02128,1,1
36 ROBINSON 02122,1,7
36 SHEAFE 02113,1,1
36 SYMPHONY 02115,52,2
36 THOMAS 02127,2,2
36 WHITE 02128,1,1
36 WILDWOOD 02124,2,1
361 BEACON 02116,1,1
361 NEPONSET 02122,1,1
363 BEACON 02116,8,1
363 SUMNER 02128,2,1
364 COLUMBUS 02116,1,1
364 RIVERWAY 02115,46,1
365 BEACON 02116,10,2
365 FANEUIL 02135,10,1
365 K 02127,2,1
365 MARLBOROUGH 02115,1,1
365 SUMNER 02128,3,6
367 BLUE HILL 02121,1,1
367 E 02127,1,1
367 SUMNER 02128,1,1
369 SAVIN HILL 02125,8,1
37 ARDEN 02134,3,2
37 BAY STATE 02215,4,1
37 BEACON 02108,1,7
37 BEACON 02134,1,2
37 BENNINGTON 02128,8,3
37 CALUMET 02120,12,1
37 COOPER 02113,21,2
37 CUNARD 02120,14,1
37 DACIA 02125,1,1
37 DIX 02122,2,1
37 FOREST 02119,6,2
37 GARDEN 02114,7,4
37 IROQUOIS 02120,12,1
37 JOY 02114,16,3
37 LITCHFIELD 02135,1,1
37 MAVERICK 02128,1,1
37 NEPONSET 02122,2,1
37 OAK SQUARE 02135,6,1
37 REVERE 02114,8,1
37 SCHOOL 02129,1,1
37 WARNER 02124,1,1
37 WEYMOUTH 02132,1,1
37 WORCESTER 02118,1,1
370 CENTRE 02130,2,1
370 CHESTNUT HILL 02135,32,1
370 MARLBOROUGH 02115,5,3
370 MERIDIAN 02128,1,1
373 COMMONWEALTH 02115,21,1
374 BOWDOIN 02122,1,1
374 MARLBOROUGH 02115,1,1
375 BUNKER HILL 02129,2,1
375 MARKET 02135,39,1
375 WILLIAM T MORRISSEY 02125,2,1
376 CENTRE 02122,1,4
376 COLUMBUS 02116,1,1
376 MARLBOROUGH 02115,7,2
378 MARLBOROUGH 02115,3,2
378 RIVERWAY 02115,4,1
379 MAVERICK 02128,2,3
38 BELLEVUE 02125,3,2
38 BOSTON 02127,2,1
38 BRADFORD 02118,4,1
38 BRECK 02135,3,1
38 CHARTER 02113,3,1
38 CHEROKEE 02120,20,1
38 DUDLEY 02119,7,4
38 EAST 02122,3,1
38 EDGEWOOD 02119,35,2
38 FENTON 02122,10,2
38 FORDHAM 02134,47,1
38 GARDNER 02134,16,3
38 GRANGER 02122,2,2
38 LYON 02122,5,1
38 SHEAFE 02113,1,1
38 STANLEY 02125,4,1
38 TREMLETT 02124,1,1
38 WAYNE 02121,1,1
38 WHITE 02128,2,6
38 WHITING 02119,1,2
380 TALBOT 02124,7,1
385 MERIDIAN 02128,1,1
386 MARKET 02135,10,1
386 RIVERWAY 02115,7,1
388 MARLBOROUGH 02115,5,1
389 ADAMS 02122,1,1
3899 WASHINGTON 02131,8,1
39 BAY STATE 02215,44,1
39 CALUMET 02120,8,1
39 CHELSEA 02128,2,3
39 COPELAND 02119,2,1
39 CUNARD 02120,20,1
39 DALTON 02199,2,2
39 DELLE 02120,3,1
39 DRAPER 02122,1,1
39 EDWIN 02124,2,1
39 GLEN 02130,18,1
39 HIGH 02129,1,2
39 KINGSTON 02111,2,1
39 MAGAZINE 02119,2,4
39 MIDDLE 02127,1,2
39 MILLMONT 02119,35,2
39 MOUNT EVERETT 02125,2,2
39 MOZART 02130,1,2
39 NOTTINGHILL 02135,7,1
39 PARK VALE 02134,13,1
39 PRATT 02134,48,2
39 SALMAN 02132,1,1
39 SALUTATION 02109,1,1
39 SNOW 02135,5,1
39 SUDAN 02125,2,1
390 RIVERWAY 02115,26,1
391 MERIDIAN 02128,1,1
392 BEECH 02131,3,4
3927 WASHINGTON 02131,1,1
394 ASHMONT 02124,1,1
394 MARLBOROUGH 02115,3,2
395 BEACON 02116,1,1
3957 WASHINGTON 02131,5,1
396 MARLBOROUGH 02115,2,2
397 BEACON 02116,10,2
399 MARLBOROUGH 02115,37,1
4 ASHLEY 02130,9,2
4 ATHOL 02134,19,2
4 BATTERY 02109,4,1
4 BUTTONWOOD 02125,2,1
4 CORONADO 02136,1,1
4 ELKO 02135,12,2
4 FARRINGTON 02134,60,1
4 FOUNTAIN 02113,20,1
4 GARDEN COURT 02113,2,3
4 GARDNER 02134,47,3
4 HAMLET 02125,9,2
4 HILLSIDE 02130,8,1
4 KEARSARGE 02119,9,1
4 LANGLEY 02135,1,2
4 LEROY 02122,1,1
4 LONGFELLOW 02114,127,3
4 LORENZO 02122,2,2
4 MICHELANGELO 02113,1,5
4 PRINCE 02113,14,1
4 ROCKLEDGE 02119,4,2
4 SAWYER 02125,12,1
4 SHEAFE 02129,1,1
4 SPARHAWK 02135,1,3
4 THEODORE 02124,1,3
4 WADSWORTH 02134,12,1
4 WELLINGTON HILL 02126,1,1
4 WINTHROP 02128,2,1
40 BATTERY 02109,1,1
40 BOYLSTON 02116,84,1
40 CRESCENT 02125,10,1
40 EVANS 02124,8,2
40 FISHER 02120,29,1
40 FOX 02122,2,1
40 FRANKFORT 02128,11,1
40 GLENWAY 02121,1,1
40 HARRISON 02111,9,11
40 HILLSIDE 02120,11,4
40 HOLIDAY 02122,4,3
40 LANGDON 02119,4,1
40 PRATT 02134,25,1
40 SHEAFE 02113,12,1
40 SPENCER 02124,2,1
40 WASHINGTON 02129,3,1
40 WAUMBECK 02121,3,1
40 WESTWIND 02125,2,1
400 DORCHESTER 02127,4,1
400 HANOVER 02113,8,1
400 MARLBOROUGH 02115,3,2
401 BORDER 02128,1,1
404 MERIDIAN 02128,1,2
406 BEACON 02115,6,2
407 CHELSEA 02128,2,1
407 MARLBOROUGH 02115,13,1
408 HANOVER 02113,2,1
408 SEAVER 02121,5,2
408 SECOND 02127,1,1
409 HUNTINGTON 02115,86,3
409 MARLBOROUGH 02115,172,2
41 ASHFORD 02134,57,2
41 CALUMET 02120,6,3
41 EDGERLY 02115,22,2
41 EGREMONT 02135,22,2
41 FREELAND 02126,2,1
41 GARDNER 02134,1,1
41 IFFLEY 02130,7,1
41 MONTVALE 02131,1,1
41 MONUMENT 02129,1,1
41 MOUNT EVERETT 02125,2,2
41 PARKER HILL 02120,17,3
41 PARKMAN 02122,2,1
41 PLEASANT 02129,5,1
41 PRATT 02134,16,1
41 SUDAN 02125,1,1
41 TEMPLE 02114,2,1
41 UPHAM 02125,1,3
41 VASSAR 02121,1,1
41 WALDECK 02124,4,2
41 WHITFIELD 02124,2,1
41 WORCESTER 02118,14,2
410 HARRISON 02118,4,1
411 MARLBOROUGH 02115,11,3
413 MASSACHUSETTS 02118,24,2
413 SARATOGA 02128,1,1
414 MERIDIAN 02128,1,4
416 HYDE PARK 02131,2,1
416 SEAVER 02121,1,8
419 MERIDIAN 02128,1,3
42 CASPAR 02132,1,1
42 CHAUNCY 02111,11,2
42 DENNIS 02119,4,1
42 GARDNER 02134,86,2
42 IRVING 02114,1,1
42 MALLON 02121,1,1
42 MILL 02122,1,1
42 RALDNE 02136,1,1
42 WEST 02136,1,1
421 MERIDIAN 02128,1,1
421 QUINCY 02125,1,2
422 RIVER 02126,4,4
424 BOWDOIN 02122,3,1
425 BOYLSTON 02116,2,1
425 GALLIVAN 02124,1,3
4258 WASHINGTON 02131,1,2
427 MARLBOROUGH 02115,3,1
428 MERIDIAN 02128,4,1
428 TALBOT 02124,4,3
4281 WASHINGTON 02131,1,1
43 BOULEVARD 02134,16,1
43 BRECK 02135,3,1
43 BUSHNELL 02124,1,3
43 CHARTER 02113,7,2
43 CHELSEA 02128,2,2
43 COMMERCIAL 02110,1,1
43 CONCORD 02118,2,1
43 COPELAND 02119,2,1
43 GLENVILLE 02134,14,1
43 GOVE 02128,21,1
43 KINGSTON 02111,6,3
43 MALTA 02126,1,1
43 MOUNT BOWDOIN 02121,4,1
43 MOUNT PLEASANT 02119,11,1
43 NOTTINGHILL 02135,2,3
43 PARK VALE 02134,49,1
43 PARKTON 02130,6,1
43 PRATT 02134,25,3
43 SAVIN HILL 02125,7,3
43 TILESTON 02113,4,1
430 CHELSEA 02128,1,1
431 SHAWMUT 02118,2,2
432 MERIDIAN 02128,2,1
435 BEACON 02115,2,2
435 CAMBRIDGE 02134,26,1
435 WALNUT 02119,27,1
439 MERIDIAN 02128,6,2
44 ASHFORD 02134,47,3
44 GROVE 02114,4,1
44 HARMON 02126,1,2
44 HIGHLAND 02119,4,2
44 HOLBORN 02121,1,2
44 IRVING 02114,2,1
44 JULIAN 02125,4,2
44 LINDEN 02134,15,5
44 PRATT 02134,31,2
44 ROSEMONT 02136,2,1
441 BEACON 02115,2,1
442 WARREN 02121,2,1
444 NORFOLK 02126,1,1
445 BEECH 02131,1,1
445 QUINCY 02125,1,1
447 PARK 02215,175,5
448 PARK 02215,266,1
449 FRANKFORT 02128,4,1
45 ALLSTON 02134,46,4
45 ASHFORD 02134,168,4
45 BOWDOIN 02114,1,2
45 CHELSEA 02128,1,5
45 CORONA 02124,1,1
45 CRESCENT 02125,13,2
45 ENGLEWOOD 02135,4,1
45 FAYWOOD 02128,1,2
45 FLEET 02109,1,1
45 GROVE 02114,4,1
45 HANCOCK 02114,7,2
45 HARVEST 02125,2,1
45 HEREFORD 02115,3,1
45 HOOKER 02134,3,1
45 ORLEANS 02128,4,5
45 PRATT 02134,14,4
45 RADNOR 02135,43,1
45 SPRING 02132,6,1
450 PARKER 02115,10,1
451 BEACON 02115,14,2
451 MERIDIAN 02128,17,1
452 MERIDIAN 02128,1,4
454 BEACON 02115,18,2
455 PARK 02215,11,1
457 PARK 02215,11,1
46 ADAMS 02122,8,3
46 BEACON 02108,16,1
46 DENNIS 02119,3,4
46 GARDEN 02114,25,4
46 GLENDALE 02125,1,1
46 GREENWOOD 02121,1,2
46 GUILD 02119,2,1
46 IRVING 02114,5,5
46 LAMBERT 02119,1,2
46 LARCHMONT 02124,2,1
46 LEXINGTON 02128,5,1
46 MELROSE 02116,5,1
46 PARK VALE 02134,24,2
46 PRINCETON 02128,1,3
46 RADNOR 02135,48,1
46 VICTORY 02122,2,1
46 WALNUT 02122,4,1
46 WITHINGTON 02124,1,1
461 MASSACHUSETTS 02118,20,2
464 BEACON 02115,12,3
464 COMMONWEALTH 02215,197,2
464 HANOVER 02113,2,1
464 WASHINGTON 02124,4,1
465 PARK 02215,71,3
47 ALPINE 02119,5,1
47 BAY STATE 02215,15,1
47 BICKNELL 02121,1,2
47 CATHERINE 02131,2,1
47 CHELSEA 02128,2,7
47 GARDNER 02134,33,2
47 HARVARD 02129,8,2
47 HEMENWAY 02115,10,2
47 HEREFORD 02115,6,1
47 HOOKER 02134,3,2
47 JULIAN 02125,6,1
47 MAPLE 02136,2,2
47 NEWCASTLE 02135,5,1
47 NOTTINGHILL 02135,2,2
47 OLD HARBOR 02127,1,2
47 PRATT 02134,10,7
47 RUTLAND 02118,8,2
47 SAVIN HILL 02125,3,5
47 STANWOOD 02121,1,1
47 WALLINGFORD 02135,7,5
470 BEACON 02115,4,1
4785 WASHINGTON 02132,1,1
4789 WASHINGTON 02132,1,1
48 ASHFORD 02134,87,2
48 BAILEY 02124,2,1
48 BELLEVUE 02125,1,1
48 BOYLSTON 02130,5,1
48 CUMMINGS 02135,27,1
48 ENGLEWOOD 02135,17,2
48 GOLD 02127,2,1
48 GUILD 02119,9,1
48 MORELAND 02119,1,3
48 MYSTIC 02129,1,3
48 PHILLIPS 02114,2,1
48 SEAVERNS 02130,1,1
48 STOCKTON 02124,2,7
48 STRATHMORE 02135,16,1
48 VINELAND 02135,4,1
48 WINTER 02111,2,3
480 COLUMBUS 02118,2,1
480 NORFOLK 02126,3,1
481 BEACON 02115,12,1
482 BEACON 02115,5,1
483 BEACON 02115,122,4
4833 WASHINGTON 02132,5,2
485 COMMONWEALTH 02215,4,4
487 COMMONWEALTH 02215,3,1
488 DORCHESTER 02127,8,1
49 ALPINE 02119,14,3
49 BEECH GLEN 02119,15,2
49 FARRAGUT 02127,1,1
49 GARDNER 02134,3,3
49 HEREFORD 02115,9,1
49 HOOKER 02134,4,4
49 KINGSDALE 02124,1,1
49 MARINE 02127,1,3
49 MATHER 02124,2,2
49 MOZART 02130,4,2
49 PRATT 02134,28,1
49 QUINT 02134,15,1
49 WALK HILL 02130,1,1
49 WESTMORE 02126,1,1
49 WOODBINE 02119,9,8
4907 WASHINGTON 02132,1,1
492 HARVARD 02124,1,1
4945 WASHINGTON 02132,6,3
496 LAGRANGE 02132,3,1
498 BENNINGTON 02128,8,1
5 ALBEMARLE 02115,6,1
5 ALBEMARLE 02136,2,1
5 APPLETON 02116,4,1
5 ASHFORD 02134,35,1
5 BALLOU 02124,1,2
5 BATTERY 02109,5,2
5 BEALE 02124,3,1
5 BOSTONIA 02135,2,2
5 CHESTERTON 02119,23,1
5 CLEAVES 02119,3,1
5 CONDOR 02128,6,1
5 ESMOND 02121,1,1
5 GREYCLIFF 02135,6,2
5 GRIMES 02127,1,1
5 GROVE 02114,7,2
5 HARTFORD 02125,4,1
5 HOLBORN 02121,2,2
5 IROQUOIS 02120,39,1
5 JOHNNY 02111,10,3
5 JOY 02108,4,1
5 KNAPP 02111,10,1
5 LINDA 02125,8,2
5 LINDEN 02127,1,1
5 LINDEN 02134,10,1
5 LYON 02122,4,2
5 MANOR 02122,2,1
5 NEWCROFT 02126,1,1
5 NOTTINGHAM 02121,1,2
5 PRATT 02134,13,1
5 SHELBY 02128,2,3
5 SPENCER 02124,2,2
5 SPRING GARDEN 02125,10,5
5 SUDAN 02125,1,1
5 SUTTON 02126,1,4
5 TRANSIT 02127,1,1
5 TRENTON 02128,1,1
5 VINSON 02124,1,2
5 WAYNE 02121,1,6
5 WESTVILLE 02124,2,1
5 WEYANOKE 02124,2,1
5 WIGET 02113,22,2
5 WISE 02130,1,2
50 ASHFORD 02134,78,3
50 BARRY 02125,1,2
50 CAUSEWAY 02114,159,5
50 CHARLESGATE EAST 02115,1,1
50 CHARLESGATE EAST 02215,19,1
50 CORONA 02124,2,1
50 ENGLEWOOD 02135,7,1
50 FAIRLAWN 02126,6,1
50 FISHER 02120,33,3
50 GARDNER 02134,42,1
50 HARRIET 02135,3,1
50 HAZELWOOD 02119,1,1
50 HEREFORD 02115,2,2
50 JACOB 02124,2,1
50 PARK 02122,1,1
50 RADNOR 02135,3,2
50 RICHFIELD 02125,2,1
505 COLUMBIA 02125,1,1
505 TREMONT 02116,6,1
51 ALLSTON 02134,22,3
51 BICKNELL 02121,2,3
51 CALUMET 02120,31,1
51 CHESTNUT 02132,2,1
51 CHURCH 02116,11,1
51 EVELYN 02126,1,1
51 GARDNER 02134,36,1
51 GREENWICH 02120,7,1
51 HEMENWAY 02115,36,1
51 HEREFORD 02115,1,1
51 HOLWORTHY 02121,2,4
51 PASADENA 02121,3,2
51 PONTIAC 02120,15,1
51 REVERE 02114,1,1
51 RIVERDALE 02134,3,1
51 SHEPTON 02124,2,1
51 VALE 02119,1,1
510 NORFOLK 02126,1,2
511 MASSACHUSETTS 02118,2,1
514 METROPOLITAN 02136,1,1
518 CAMBRIDGE 02134,58,3
519 GENEVA 02122,1,1
519 PARK 02215,37,2
52 ASHFORD 02134,59,1
52 BEACH 02111,2,2
52 CALUMET 02120,9,1
52 CLARENCE 02119,1,1
52 CUMMINGS 02135,15,2
52 DELLE 02120,18,1
52 GAINSBOROUGH 02115,34,2
52 HULL 02113,2,4
52 IRVING 02114,8,5
52 JOY 02114,14,4
52 LANARK 02135,6,2
52 SALEM 02113,3,1
52 THOMAS 02127,2,2
523 COLUMBUS 02118,18,1
525 TALBOT 02124,2,2
528 BEACON 02215,1,1
528 DORCHESTER 02127,3,1
529 COLUMBUS 02118,8,2
53 ADAMS 02122,4,1
53 BEECH GLEN 02119,20,1
53 BRACKETT 02135,1,1
53 CHELSEA 02128,10,10
53 GARDNER 02134,8,2
53 GLENWAY 02121,5,3
53 HEREFORD 02115,1,2
53 HILLSIDE 02120,16,3
53 PLEASANT 02125,1,4
530 BEACON 02215,2,2
537 COLUMBUS 02118,2,2
54 BATEMAN 02131,1,1
54 BROOKS 02128,25,3
54 DEDHAM 02136,6,1
54 FOWLER 02121,3,2
54 GARDNER 02134,31,3
54 IDAHO 02126,1,2
54 IRVING 02114,2,1
54 PRATT 02134,22,2
54 TEMPLE 02114,3,2
541 ADAMS 02122,4,2
543 MASSACHUSETTS 02118,5,1
55 CALUMET 02120,20,1
55 CIRCUIT 02119,10,1
55 CORONA 02124,1,2
55 CRAWFORD 02121,1,1
55 DUDLEY 02119,20,1
55 EDGEWOOD 02119,2,1
55 ETNA 02135,6,1
55 FENWOOD 02115,2,1
55 HAVRE 02128,2,1
55 HEATH 02130,7,1
55 HILLSIDE 02120,21,1
55 HUTCHINGS 02121,1,1
55 JOHNSTON 02124,1,2
55 LEICESTER 02135,5,1
55 MOUNT HOPE 02131,1,1
55 PLEASANT 02125,1,1
55 SAINT GERMAIN 02115,5,1
55 SAINT STEPHEN 02115,16,1
55 TRAVELER 02118,210,2
55 WINSTON 02124,1,1
550 HUNTINGTON 02115,13,1
554 MASSACHUSETTS 02118,11,3
558 PARK 02124,1,1
56 BYRON 02128,4,1
56 CUMMINGS 02135,27,1
56 GATES 02127,2,2
56 HUMPHREYS 02125,4,1
56 LIVERPOOL 02128,2,1
56 LONDON 02128,2,1
56 PRESENTATION 02135,1,1
56 QUEENSBERRY 02215,104,1
56 RIDGEMONT 02134,11,5
56 SAINT STEPHEN 02115,9,1
560 CENTRE 02130,3,6
566 COMMONWEALTH 02215,68,1
566 WASHINGTON 02135,2,1
567 PARK 02124,1,2
568 BLUE HILL 02121,1,3
569 NORFOLK 02126,2,1
57 ARMANDINE 02124,3,1
57 DAY 02130,4,1
57 FLEET 02109,1,2
57 GERRISH 02135,1,1
57 GREENFIELD 02126,1,1
57 HOBART 02135,3,1
57 HULL 02113,1,2
57 REXFORD 02126,1,2
57 RIVERDALE 02134,12,1
57 VALLEY 02124,2,1
57 WALDEN 02130,22,1
57 WOOLSON 02126,1,3
570 WASHINGTON 02135,2,1
571 CUMMINS 02136,1,2
576 BLUE HILL 02121,1,7
58 BENNINGTON 02128,1,3
58 BOYNTON 02130,6,1
58 BROCK 02135,4,1
58 CLAYBOURNE 02124,2,1
58 ENGLEWOOD 02135,20,2
58 FOWLER 02121,1,1
58 LAKE 02135,18,1
58 TELEGRAPH 02127,2,1
58 TEMPLE 02114,2,1
58 TREMONT 02135,2,2
580 SHAWMUT 02118,4,1
581 CAMBRIDGE 02134,6,1
581 MASSACHUSETTS 02118,16,2
581 SOUTH 02131,1,1
583 TREMONT 02118,3,1
59 BENNINGTON 02128,1,1
59 CENTRE 02124,2,2
59 CHESTERFIELD 02136,5,1
59 DUNBOY 02135,1,1
59 ENDICOTT 02113,15,2
59 FORT 02119,6,1
59 GOODENOUGH 02135,1,1
59 HANCOCK 02114,9,5
59 HARVARD 02111,2,1
59 MYRTLE 02114,11,2
59 PHILLIPS 02114,4,2
59 PONTIAC 02120,4,2
59 PUTNAM 02128,2,1
59 SARATOGA 02128,1,2
59 SNOW HILL 02113,3,1
59 WALES 02124,2,3
596 CAMBRIDGE 02134,6,2
6 ABBOT 02124,2,1
6 ALVAN 02125,1,1
6 BAYARD 02134,3,1
6 BELNEL 02136,2,1
6 BUCKNAM 02120,5,1
6 CAMBRIDGE 02134,1,2
6 CARLISLE 02121,2,1
6 EUNICE 02122,1,3
6 FAYETTE 02116,8,1
6 GRANT 02125,1,1
6 HAZELMERE 02131,1,3
6 INTERVALE 02121,1,1
6 LANGLEY 02135,2,4
6 LINWOOD 02119,10,1
6 LOTHIAN 02135,51,3
6 MANTON 02134,2,1
6 MARGARET 02113,4,1
6 MARIE 02122,3,3
6 MORELAND 02119,6,1
6 NAZING 02121,1,1
6 PARKER HILL 02120,1,1
6 PHILLIPS 02114,8,2
6 ROCKLEDGE 02119,8,1
6 ROZELLA 02122,2,1
6 SAINT MARKS 02124,2,1
6 SHEPHERD 02115,4,1
6 SPARHAWK 02135,12,1
6 STILLMAN 02113,4,1
6 TAFT 02125,1,1
6 WAIT 02120,10,2
6 WAVERLY 02119,3,1
6 WESTCOTT 02124,1,2
6 WOODCLIFF 02125,12,1
60 BELFORT 02125,4,4
60 CALUMET 02120,19,1
60 COOK 02129,1,1
60 DONNYBROOK 02135,4,2
60 FAYSTON 02121,14,1
60 GIBSON 02122,7,1
60 GOVE 02128,6,1
60 JAMAICAWAY 02130,2,1
60 MCLELLAN 02121,3,1
60 MOZART 02130,2,1
60 QUEENSBERRY 02215,21,2
60 RUTLAND 02118,1,1
60 WALWORTH 02131,3,1
60 WARREN 02136,3,1
60 WEBSTER 02128,3,1
60 WENHAM 02130,3,1
60 WEST 02136,2,1
60 WINTHROP 02129,1,1
600 CAMBRIDGE 02134,8,4
600 COLUMBIA 02125,2,5
605 METROPOLITAN 02136,1,1
605 TREMONT 02118,2,1
605 TRUMAN 02136,2,1
606 COLUMBUS 02118,40,1
61 BAILEY 02124,1,2
61 BALDWIN 02129,2,1
61 BOWDOIN 02124,3,2
61 BRAINTREE 02134,3,1
61 BRIGHTON 02134,37,1
61 BROOKLINE 02215,46,1
61 CHARTER 02113,2,1
61 CHELMSFORD 02122,1,2
61 COTTAGE 02128,1,1
61 CRESCENT 02125,15,2
61 DAY 02130,6,1
61 FOREST 02119,2,1
61 NEPONSET 02136,5,1
61 OAKLAND 02135,1,2
61 QUINT 02134,9,1
61 SURREY 02135,1,1
61 WHITE 02128,2,4
610 COLUMBUS 02118,60,4
612 COLUMBUS 02118,36,1
613 DORCHESTER 02127,6,1
614 BENNINGTON 02128,6,2
614 MASSACHUSETTS 02118,22,4
614 SHAWMUT 02118,8,2
616 COLUMBUS 02118,57,1
62 ALEXANDER 02125,1,9
62 BROOKS 02128,1,1
62 CEDAR 02126,2,2
62 EMPIRE 02134,1,1
62 FLORIDA 02124,1,1
62 KIRKWOOD 02135,25,1
62 LONDON 02128,3,1
62 MELROSE 02116,4,1
62 QUEENSBERRY 02215,25,1
62 QUINT 02134,1,2
62 RICHFIELD 02125,1,2
62 SAUNDERS 02134,1,1
620 COLUMBIA 02125,6,1
624 CAMBRIDGE 02134,7,1
624 HYDE PARK 02131,5,2
63 ARMANDINE 02124,3,1
63 DOWNER 02125,2,1
63 FALCON 02128,4,2
63 HARTFORD 02125,3,1
63 I 02127,4,1
63 MARSHFIELD 02119,2,1
63 MAVERICK 02128,2,1
63 MELCHER 02210,2,1
63 SAVIN HILL 02125,1,2
63 STORY 02127,1,1
63 TAMPA 02136,1,1
630 CENTRE 02130,3,1
64 ASHFORD 02134,1,1
64 BAYSWATER 02128,3,2
64 BEACH 02111,5,1
64 CHARLES 02122,4,1
64 DIX 02122,2,1
64 ETNA 02135,1,1
64 FAYWOOD 02128,1,1
64 GOODENOUGH 02135,2,1
64 GOVE 02128,2,2
64 LONDON 02128,2,1
64 LUBEC 02128,13,1
64 MAPLETON 02135,1,2
64 O 02127,1,4
64 REVERE 02114,4,1
64 SEAVER 02121,3,1
64 SULLIVAN 02129,3,1
64 UNDINE 02135,20,2
64 WOOLSON 02126,2,2
643 RIVER 02126,1,1
647 ADAMS 02122,1,1
647 BENNINGTON 02128,1,4
65 ASHFORD 02134,34,1
65 BENNETT 02135,3,2
65 CHARTER 02113,5,2
65 CHESTNUT 02129,3,1
65 CORNWALL 02130,3,1
65 GARDNER 02134,14,2
65 HEMENWAY 02115,60,1
65 MARTHA 02114,14,1
65 MAVERICK 02128,2,2
65 MORRIS 02128,2,1
65 OAKLAND 02135,1,2
65 PHILLIPS 02114,4,2
65 THOMPSON 02136,3,1
65 WALDEMAR 02128,1,1
65 WILLOW 02125,2,1
655 MORTON 02126,1,4
656 ADAMS 02122,1,4
656 BENNINGTON 02128,5,1
66 BEACH POINT 02125,245,1
66 CLIFFORD 02119,10,1
66 EMPIRE 02134,3,2
66 KIRKWOOD 02135,16,1
66 N 02127,3,2
66 SAINT JAMES 02119,6,1
66 WESTLAND 02115,8,1
660 SARATOGA 02128,2,1
661 TREMONT 02118,6,3
665 HUNTINGTON 02115,2,1
666 MASSACHUSETTS 02118,1,1
668 MASSACHUSETTS 02118,4,1
669 MASSACHUSETTS 02118,24,1
67 CHESTER 02134,28,4
67 CRAWFORD 02121,1,1
67 DAKOTA 02124,1,2
67 DEVON 02121,1,1
67 HANCOCK 02114,7,1
67 HARVARD 02134,29,1
67 MORELAND 02119,1,1
67 MORRIS 02128,1,4
67 NONANTUM 02135,7,1
67 PHILLIPS 02114,10,4
67 PONTIAC 02120,12,1
67 STANTON 02124,3,1
67 SYDNEY 02125,2,2
672 MASSACHUSETTS 02118,19,1
673 TREMONT 02118,2,2
677 MASSACHUSETTS 02118,1,1
678 MASSACHUSETTS 02118,3,7
68 BRADSHAW 02121,1,2
68 HILLSIDE 02120,10,1
68 LONDON 02128,1,2
68 PHILLIPS 02114,2,4
68 STANTON 02124,1,2
68 WILLIAM CARDINAL O'CONNELL 02114,1,1
680 MASSACHUSETTS 02118,12,3
681 TREMONT 02118,1,1
682 PARKER 02120,10,2
682 TREMONT 02118,1,1
686 PARKER 02120,12,1
69 FAYWOOD 02128,5,1
69 GAINSBOROUGH 02115,48,2
69 HARVARD 02134,19,1
69 HIGHLAND 02119,4,3
69 MYRTLE 02114,2,1
69 NEPONSET 02122,1,1
69 ROSECLAIR 02125,1,2
69 SAINT BOTOLPH 02116,2,1
69 TELEGRAPH 02127,1,2
690 MASSACHUSETTS 02118,3,2
690 METROPOLITAN 02136,6,1
696 COLUMBUS 02118,7,1
696 TREMONT 02118,6,2
699 WASHINGTON 02124,2,2
7 ALLSTON 02124,2,1
7 ARCADIA 02122,2,5
7 BENTLEY 02135,1,1
7 BYNNER 02130,9,1
7 CAROLINA 02130,13,1
7 CARSON 02125,23,1
7 CHARLES 02114,7,3
7 CHILCOTT 02130,1,1
7 CLERMONT 02124,2,1
7 CUSHMAN 02135,4,1
7 DELANO 02122,1,1
7 EDEN 02129,2,1
7 GERMANIA 02130,2,1
7 GLADESIDE 02126,2,1
7 GROVE 02114,7,1
7 HAVRE 02128,1,3
7 HENCHMAN 02113,4,1
7 HEREFORD 02115,4,4
7 HOLBORN 02121,6,2
7 JOHNNY 02111,1,3
7 LANGFORD 02119,2,1
7 LINDEN 02127,1,1
7 LINDEN 02134,13,4
7 MARGARET 02113,6,1
7 MARK 02130,18,1
7 MINER 02215,48,1
7 OUTLOOK 02126,1,2
7 PHILLIPS 02114,1,2
7 PRATT 02134,1,1
7 PRINCE 02113,1,3
7 REEDSDALE 02134,10,5
7 RIDGEVIEW 02126,3,1
7 ROSEDALE 02124,2,2
7 SACHEM 02120,6,1
7 SHERMAN 02129,2,6
7 SPRING GARDEN 02125,1,1
7 STILLMAN 02113,5,2
7 SUDAN 02125,5,1
7 SYMPHONY 02115,1,1
7 TOPLIFF 02122,2,2
7 UNITY 02113,8,2
7 VERNDALE 02126,1,1
7 WALES 02124,1,4
7 WINSHIP 02135,6,1
7 WORCESTER 02118,6,1
70 BEECHCROFT 02135,3,1
70 BREMEN 02128,5,1
70 CHELSEA 02128,1,1
70 DUNBOY 02135,2,1
70 FLORIDA 02124,1,2
70 JOY 02114,80,2
70 KIRKWOOD 02135,16,1
70 LEICESTER 02135,2,1
70 PETER PARLEY 02130,7,1
70 REVERE 02114,8,3
70 ROCKLAND 02119,8,3
70 STANLEY 02125,1,2
70 WILDWOOD 02126,1,1
700 COLUMBUS 02120,32,1
700 HARRISON 02118,31,1
701 CAMBRIDGE 02135,4,1
702 MASSACHUSETTS 02118,17,1
705 MASSACHUSETTS 02118,41,2
706 ADAMS 02122,1,1
706 HUNTINGTON 02120,1,2
71 ALDIE 02134,13,1
71 ALLSTON 02134,4,3
71 BELLEVUE 02125,1,1
71 BENNINGTON 02128,1,1
71 FAIRBANKS 02135,2,2
71 GLENDALE 02125,1,3
71 JOY 02114,2,1
71 MARION 02128,5,2
71 MYRTLE 02114,1,5
71 SAVIN 02119,3,2
71 SPRING PARK 02130,3,1
71 STANTON 02124,1,1
71 WESTMINSTER 02119,1,1
716 COLUMBUS 02120,1,1
72 COMMONWEALTH 02116,19,2
72 COPELAND 02119,3,1
72 FRANKFORT 02128,15,1
72 PRESCOTT 02128,20,1
72 REVERE 02114,33,2
72 WHITTEN 02122,4,1
720 BENNINGTON 02128,5,1
721 PARKER 02120,29,1
722 CUMMINS 02126,1,1
722 TRUMAN 02136,1,4
725 PARKER 02120,1,1
73 BAKER 02132,1,1
73 BROOKS 02135,3,1
73 HEMENWAY 02115,10,1
73 IROQUOIS 02120,8,1
73 MAIN 02129,1,2
73 MOUNT IDA 02122,1,4
73 PEARL 02129,3,1
73 REVERE 02114,7,2
73 RUTLAND 02118,3,1
73 WALNUT 02119,6,3
733 PARKER 02120,21,1
739 PARKER 02120,23,2
74 ASHFORD 02134,60,2
74 BROOKS 02135,4,1
74 CHESTER 02134,35,13
74 COREY 02135,2,3
74 MYRTLE 02114,7,2
74 SAINT ROSE 02130,6,1
74 TRENTON 02128,1,1
74 TURNER 02135,1,1
75 ARMANDINE 02124,2,1
75 BEACON 02108,2,1
75 CHARTER 02113,3,1
75 EUTAW 02128,3,1
75 FULTON 02109,3,1
75 HARVARD 02134,1,1
75 HOWARD 02125,2,1
75 MOUNT VERNON 02108,5,1
75 PUTNAM 02128,2,1
75 SAINT ALPHONSUS 02120,1155,1
75 TOWER 02130,2,1
75 WALLINGFORD 02135,1,1
750 TRUMAN 02136,1,2
752 TREMONT 02118,2,2
754 HUNTINGTON 02115,12,1
755 BOYLSTON 02116,4,1
76 BOLTON 02127,1,1
76 CENTRE 02124,5,1
76 CHURCH 02122,1,1
76 DAY 02130,5,4
76 EASTON 02134,19,2
76 H 02127,4,1
76 LAWRENCE 02121,2,2
76 LINDEN 02134,9,1
76 NELSON 02124,1,1
76 NEPONSET 02131,1,1
760 CUMMINS 02126,6,1
761 HARRISON 02118,222,3
764 TREMONT 02118,6,4
765 COLUMBIA 02125,3,1
77 BAY STATE 02215,1,3
77 DIX 02122,2,2
77 DUSTIN 02135,3,1
77 EMPIRE 02134,11,8
77 HARRISON 02111,1,1
77 LANARK 02135,2,2
77 LUBEC 02128,2,1
77 WENSLEY 02120,4,1
770 WASHINGTON 02124,1,1
773 COLUMBIA 02125,3,1
779 PARKER 02120,23,1
78 BOWDOIN 02121,2,1
78 GLENVILLE 02134,30,5
78 HAVRE 02128,2,2
78 HOUGHTON 02122,1,2
78 KILSYTH 02135,4,1
78 LEXINGTON 02128,1,1
78 PHILLIPS 02114,3,1
78 ROSSMORE 02130,3,1
780 BOYLSTON 02199,106,3
780 COLUMBUS 02120,9,1
79 BRIGHTON 02134,28,2
79 LINDEN 02134,30,1
79 PHILLIPS 02114,19,1
79 REGIS 02126,2,1
79 REVERE 02114,1,1
79 WEBSTER 02128,4,2
790 HYDE PARK 02131,1,2
797 RIVER 02136,4,2
799 COLUMBIA 02125,5,6
8 BALDWIN 02113,2,2
8 BARD 02119,4,1
8 BEACON 02108,1,1
8 CALDER 02124,1,1
8 CARMEL 02120,22,1
8 CHASE 02125,1,3
8 CHEEVER 02128,1,1
8 CLAXTON 02131,2,1
8 ELDORA 02120,15,1
8 EMMET 02127,2,1
8 EULITA 02135,5,2
8 FAIRFIELD 02116,20,2
8 FAIRMOUNT 02136,2,1
8 GARDNER 02134,16,1
8 GREENVILLE 02119,21,4
8 HALLET 02122,2,1
8 HARVARD 02134,38,3
8 HOBSON 02135,1,1
8 HYDE PARK 02130,11,2
8 JOHNNY 02111,2,2
8 KENWOOD 02124,1,1
8 KITTREDGE 02131,3,1
8 LANGDON 02119,7,1
8 LEWIS 02109,8,2
8 MARGARET 02113,3,1
8 MARLIN 02122,1,1
8 MONTFERN 02135,1,1
8 MOUNT VERNON 02125,1,9
8 NAVILLUS 02122,2,1
8 PARKER HILL 02120,18,1
8 PRATT 02134,2,4
8 ROMAR 02119,4,1
8 ROMSEY 02125,9,4
8 ROYCE 02134,11,1
8 SHEPARD 02135,1,1
8 SHETLAND 02119,11,1
8 TENNIS 02126,1,3
8 THETFORD 02124,3,3
8 WAIT 02120,8,3
8 WARDMAN 02119,1,1
8 WESTLAND 02115,24,1
8 WILCOCK 02124,5,1
80 BAYSWATER 02128,3,1
80 BEACON 02108,4,1
80 CALUMET 02120,2,1
80 CLARE 02136,2,1
80 ERIE 02121,2,1
80 F 02127,1,1
80 FENWAY 02115,30,4
80 HIAWATHA 02126,1,1
80 LINDEN 02134,8,2
80 MESSINGER 02126,1,2
80 REVERE 02114,7,1
80 ROSLINDALE 02131,1,1
80 WAUMBECK 02121,1,1
80 WINTHROP 02119,7,1
800 BOYLSTON 02199,1,2
805 HUNTINGTON 02115,2,1
806 TREMONT 02118,6,1
81 BEECHCROFT 02135,5,1
81 BRAYTON 02135,1,1
81 CHARLES 02114,2,2
81 CHESTNUT HILL 02135,3,1
81 DEVON 02121,1,1
81 EUTAW 02128,2,3
81 LINDEN 02134,41,1
81 MAPLE 02136,1,2
81 MOUNT PLEASANT 02119,6,1
81 ORLEANS 02128,2,1
81 PIERCE 02122,1,1
81 PRINCE 02113,1,2
812 RIVER 02136,2,1
815 MORTON 02126,3,2
82 BREMEN 02128,4,2
82 HYDE PARK 02130,2,1
82 MARION 02128,1,1
82 SALEM 02113,6,1
82 WOOLSON 02126,2,2
83 LINDEN 02134,3,2
83 PINCKNEY 02114,1,2
83 TYLER 02111,3,6
832 DORCHESTER 02125,1,2
835 HUNTINGTON 02115,41,1
839 BEACON 02215,38,2
84 CENTRE 02124,2,1
84 DAY 02130,7,1
84 EUSTON 02135,11,3
84 FENWAY 02115,30,4
84 LAKE 02135,1,1
84 LINDEN 02134,22,1
84 PRINCE 02113,2,1
848 HUNTINGTON 02120,1,2
85 AUCKLAND 02125,3,3
85 CHARLES 02114,1,2
85 DRAPER 02122,1,1
85 GLADSTONE 02128,11,1
85 PHILLIPS 02114,5,1
85 SUTHERLAND 02135,18,1
855 AMERICAN LEGION 02131,13,1
857 BEACON 02215,52,1
86 ASTORIA 02126,3,2
86 BARRY 02125,2,1
86 BRUNSWICK 02121,1,1
86 COLBORNE 02135,2,3
86 DEERING 02126,1,2
86 FAYSTON 02121,4,1
86 SAINT STEPHEN 02115,8,1
87 ACADEMY HILL 02135,2,1
87 ARMANDINE 02124,1,1
87 DAKOTA 02124,1,1
87 DIX 02122,6,1
87 GARDNER 02134,49,1
87 LINDEN 02134,31,3
87 ORLEANS 02128,3,1
877 SARATOGA 02128,1,3
88 GEORGE 02119,1,1
88 LINDEN 02134,25,1
88 MAPLEWOOD 02132,2,1
88 MOUNT VERNON 02125,1,1
88 SLEEPER 02210,1,1
88 THETFORD 02124,1,1
88 WALTHAM 02118,1,3
881 COMMONWEALTH 02215,4,1
883 HARRISON 02118,18,3
885 HARRISON 02118,46,1
887 HYDE PARK 02136,1,3
89 BENNINGTON 02128,1,3
89 BRENT 02124,3,3
89 CHELSEA 02128,2,1
89 CLAYBOURNE 02124,5,2
89 FOREST HILLS 02130,4,4
89 PEMBROKE 02118,2,2
89 PRESCOTT 02128,1,1
89 PRINCE 02113,19,1
89 TENNIS 02126,4,5
9 ABBOTSFORD 02121,1,1
9 ALLSTON 02129,1,1
9 ALVAN 02125,13,2
9 ANNAPOLIS 02125,6,1
9 BOWDOIN 02114,5,11
9 BRADLEE 02136,1,1
9 CARMEL 02120,23,1
9 CHESTERTON 02119,11,1
9 CLERMONT 02124,1,1
9 COOPER 02113,4,3
9 FARRINGTON 02134,8,2
9 FURNIVAL 02130,2,1
9 GLENBURNE 02121,4,1
9 HANOVER 02109,1,1
9 HARVARD 02134,26,1
9 HATHAWAY 02130,8,2
9 KNAPP 02111,107,1
9 LIBERTY 02127,2,1
9 LINDEN 02134,1,1
9 MARLBOROUGH 02116,8,2
9 MARYLAND 02125,2,1
9 MINER 02215,150,1
9 MONADNOCK 02125,2,1
9 MYRTLE 02114,11,1
9 PARK VALE 02134,11,1
9 RADNOR 02135,28,4
9 RAVEN 02125,13,1
9 RUGGLES 02119,4,4
9 SAYWARD 02125,2,1
9 SEWALL 02120,8,1
9 SHEAFE 02113,1,1
9 TEMPLE 02114,3,1
9 UNDINE 02135,12,1
9 WALLINGFORD 02135,1,2
9 WIGET 02113,2,1
9 WIGGLESWORTH 02120,17,1
90 COMMONWEALTH 02116,7,5
90 CUSHING 02125,2,1
90 GLADSTONE 02128,12,1
90 MOUNT PLEASANT 02119,6,1
90 PRINCE 02113,3,1
90 WAREHAM 02118,14,2
90 WOOD 02136,1,2
91 HILLSIDE 02120,16,1
91 MAXWELL 02124,3,1
91 MINDEN 02130,1,1
91 ORMOND 02126,1,1
91 WESTLAND 02115,472,2
919 BEACON 02215,11,1
92 BENNINGTON 02128,5,1
92 BLUE HILL 02119,1,2
92 ELLINGTON 02121,1,4
92 LEXINGTON 02128,4,1
920 HYDE PARK 02136,2,1
93 ARLINGTON 02136,2,1
93 BEACON 02108,2,3
93 CONDOR 02128,2,1
93 DRESSER 02127,2,1
93 FOREST HILLS 02130,1,1
93 FORT 02119,17,1
93 HILLSIDE 02120,38,1
93 HUDSON 02111,19,1
93 KILSYTH 02135,6,3
93 NORTHAMPTON 02118,21,1
93 NORTHDALE 02132,2,3
93 WALDECK 02124,1,5
939 MORTON 02126,3,2
94 HUTCHINGS 02121,1,1
94 L 02127,1,2
94 MONTEBELLO 02130,15,1
94 SEAVER 02121,2,2
94 TRENTON 02128,2,1
94 TYLER 02111,48,1
94 WELLES 02124,1,2
95 AUCKLAND 02125,3,1
95 CALUMET 02120,36,1
95 GREENWOOD 02121,1,13
95 MILTON 02124,1,3
95 MORELAND 02119,2,3
95 SAINT ALPHONSUS 02120,85,1
95 SHERIDAN 02130,1,2
95 TOPLIFF 02122,1,2
950 CANTERBURY 02131,6,1
951 BLUE HILL 02124,2,1
951 DORCHESTER 02125,1,5
953 MORTON 02126,1,1
953 SARATOGA 02128,1,1
957 MORTON 02126,5,1
96 ACADEMY HILL 02135,1,1
96 BLUE HILL 02119,1,2
96 BUNKER HILL 02129,2,1
96 CHELSEA 02128,2,1
96 COTTAGE 02125,1,1
96 DRAPER 02122,2,3
96 G 02127,3,1
96 MOUNT VERNON 02108,2,2
96 NORMANDY 02121,1,1
96 SOUTH 02111,4,2
96 WEBSTER 02128,1,2
96 WOODROW 02124,2,2
962 BENNINGTON 02128,1,2
97 CHELSEA 02128,1,1
97 ELM HILL 02121,1,1
971 TREMONT 02120,3,1
98 BENNETT 02135,2,3
98 CHELSEA 02128,2,1
98 GEORGE 02119,1,12
98 HANCOCK 02125,1,1
98 HEMENWAY 02115,2,1
98 HOOKER 02134,1,2
98 MONTEBELLO 02130,14,1
98 MYRTLE 02114,8,2
98 ORLANDO 02126,1,2
98 ROBINWOOD 02130,1,1
98 TOPLIFF 02122,2,5
99 F 02127,1,1
99 HUDSON 02111,26,1
99 SUMMER 02136,1,1
99 WOODROW 02124,1,2
